==============================================================================
  REDUCED-FORM d_{k+1} = delta_theta * theta_k
  2026-06-17 10:13:04
==============================================================================

  oxd_d   -> 5966 weekly aggregated rows (38 countries x ~149 weeks)

  Panel built: 5075 rows kept (of 5659 after lead/NA filter)
  Countries:   35   Weeks:       145   per country (mean): 145.0

--- Variable summaries (after filter) ---
# A tibble: 16 × 6
   var                    N     mean        sd     min       max
   <chr>              <int>    <dbl>     <dbl>   <dbl>     <dbl>
 1 d_lead1_pproj       5075  11.1      18.2      -31.4   169.   
 2 d_lead1_pproj_NA_     NA  NA        NA         NA      NA    
 3 d_lead1_excess      5075 747.     2368.     -4059.  28498.   
 4 d_lead1_excess_NA_    NA  NA        NA         NA      NA    
 5 d_lead1_excpm       5075  19.3      32.8      -55.8   269.   
 6 d_lead1_excpm_NA_     NA  NA        NA         NA      NA    
 7 theta_hat           5075   0.0180    0.0311     0       0.329
 8 theta_hat_NA_         NA  NA        NA         NA      NA    
 9 theta_lag1          5040   0.0174    0.0297     0       0.329
10 theta_lag1_NA_        NA  NA        NA         NA      NA    
11 S_daily_mean        5075   0.347     0.241      0       0.958
12 S_daily_mean_NA_      NA  NA        NA         NA      NA    
13 S_daily_max         5075   0.355     0.245      0       0.958
14 S_daily_max_NA_       NA  NA        NA         NA      NA    
15 S_panelw_mean       5075   0.347     0.241      0       0.958
16 S_panelw_mean_NA_     NA  NA        NA         NA      NA    

  Saved: C:/Users/pesent0000/OneDrive/Studium/Wirtschaftswissenschaften/Doktorat/Paper 1/Pandemic-Trilemma/Files/data/processed/weekly_reduced_form_panel.csv   (5075 rows x 32 cols)

==============================================================================
  REDUCED-FORM REGRESSIONS (dependent variable: p_proj_{k+1})
==============================================================================

--- (1) Pooled OLS, no FE ---
OLS estimation, Dep. Var.: d_lead1_pproj
Observations: 5,075
Standard-errors: Clustered (Country) 
             Estimate Std. Error t value         Pr(>|t|)    
(Intercept)   8.71101    1.16527 7.47553 0.00000001126460 ***
theta_hat   130.07201   15.20456 8.55480 0.00000000054114 ***
---
Signif. codes:  0 '***' 0.001 '**' 0.01 '*' 0.05 '.' 0.1 ' ' 1
RMSE: 17.7   Adj. R2: 0.049249

--- (2) Country FE ---
OLS estimation, Dep. Var.: d_lead1_pproj
Observations: 5,075
Fixed-effects: Country: 35
Standard-errors: Clustered (Country) 
          Estimate Std. Error t value      Pr(>|t|)    
theta_hat  116.724    18.9254 6.16757 0.00000052235 ***
---
Signif. codes:  0 '***' 0.001 '**' 0.01 '*' 0.05 '.' 0.1 ' ' 1
RMSE: 16.5     Adj. R2: 0.166771
             Within R2: 0.043435

--- (3) Country + wave_coarse FE ---
OLS estimation, Dep. Var.: d_lead1_pproj
Observations: 5,075
Fixed-effects: Country: 35,  wave_coarse: 4
Standard-errors: Clustered (Country) 
          Estimate Std. Error t value       Pr(>|t|)    
theta_hat  218.108    32.1761 6.77856 0.000000085521 ***
---
Signif. codes:  0 '***' 0.001 '**' 0.01 '*' 0.05 '.' 0.1 ' ' 1
RMSE: 15.8     Adj. R2: 0.240388
             Within R2: 0.101146

--- (4) Country FE + S_daily_mean control ---
OLS estimation, Dep. Var.: d_lead1_pproj
Observations: 5,075
Fixed-effects: Country: 35
Standard-errors: Clustered (Country) 
             Estimate Std. Error t value       Pr(>|t|)    
theta_hat    190.4867   26.11342 7.29459 0.000000018981 ***
S_daily_mean  22.2111    4.56281 4.86785 0.000025467867 ***
---
Signif. codes:  0 '***' 0.001 '**' 0.01 '*' 0.05 '.' 0.1 ' ' 1
RMSE: 15.9     Adj. R2: 0.233848
             Within R2: 0.120615

--- (5) Country FE + S control + theta^2 (nonlinearity check) ---
OLS estimation, Dep. Var.: d_lead1_pproj
Observations: 5,075
Fixed-effects: Country: 35
Standard-errors: Clustered (Country) 
                    Estimate Std. Error  t value          Pr(>|t|)    
theta_hat           498.9970   53.39616  9.34519 0.000000000064173 ***
S_daily_mean         29.1306    5.00339  5.82217 0.000001465780462 ***
I(I(theta_hat^2)) -2151.6290  280.08068 -7.68218 0.000000006234061 ***
---
Signif. codes:  0 '***' 0.001 '**' 0.01 '*' 0.05 '.' 0.1 ' ' 1
RMSE: 15.2     Adj. R2: 0.296016
             Within R2: 0.192131

--- (6) Same as (2) but DV = excess deaths per million ---
OLS estimation, Dep. Var.: d_lead1_excpm
Observations: 5,075
Fixed-effects: Country: 35
Standard-errors: Clustered (Country) 
          Estimate Std. Error t value      Pr(>|t|)    
theta_hat   190.64    28.6464 6.65492 0.00000012308 ***
---
Signif. codes:  0 '***' 0.001 '**' 0.01 '*' 0.05 '.' 0.1 ' ' 1
RMSE: 29.9     Adj. R2: 0.161422
             Within R2: 0.035707
[[1]]
[1] FALSE

[[2]]
[1] TRUE

[[3]]
[1] TRUE

[[4]]
[1] TRUE

[[5]]
[1] FALSE

[[6]]
[1] TRUE

[[7]]
[1] FALSE

[[8]]
[1] TRUE

[[9]]
[1] FALSE

[[10]]
[1] FALSE

[[11]]
[1] TRUE

[[12]]
[1] FALSE

[[13]]
[1] FALSE

[[14]]
[1] FALSE

[[15]]
[1] TRUE

[[16]]
[1] FALSE

[[17]]
[1] TRUE

[[18]]
[1] TRUE

[[19]]
[1] TRUE

[[20]]
[1] FALSE

[[21]]
[1] FALSE

[[22]]
[1] TRUE

[[23]]
[1] FALSE

[[24]]
[1] TRUE

[[25]]
[1] FALSE

[[26]]
[1] FALSE

[[27]]
[1] TRUE

[[28]]
[1] TRUE

[[29]]
[1] TRUE

[[30]]
[1] TRUE

[[31]]
[1] FALSE

[[32]]
[1] FALSE

[[33]]
[1] FALSE

[[34]]
[1] TRUE

[[35]]
[1] TRUE

[[36]]
[1] FALSE

[[37]]
[1] FALSE

[[38]]
[1] FALSE

[[39]]
[1] TRUE

[[40]]
[1] TRUE

[[41]]
[1] FALSE

[[42]]
[1] TRUE

[[43]]
[1] TRUE

[[44]]
[1] FALSE

[[45]]
[1] FALSE

[[46]]
[1] FALSE

[[47]]
[1] FALSE

[[48]]
[1] FALSE

[[49]]
[1] FALSE

[[50]]
[1] FALSE

[[51]]
[1] FALSE

[[52]]
[1] TRUE

[[53]]
[1] FALSE

[[54]]
[1] TRUE

[[55]]
[1] TRUE

[[56]]
[1] TRUE

 [1] "car"          "carData"      "lmtest"       "zoo"          "RColorBrewer" "scales"       "readxl"       "patchwork"    "magrittr"     "purrr"       
[11] "knitr"        "ggplot2"      "stringr"      "stargazer"    "xtable"       "foreign"      "gtools"       "data.table"   "sandwich"     "haven"       
[21] "plm"          "modelsummary" "fixest"       "lubridate"    "tidyr"        "dplyr"        "stats"        "graphics"     "grDevices"    "utils"       
[31] "datasets"     "methods"      "base"        
# A tibble: 10 × 7
   Country  Year Quarter YQ      YQ_ord  broad_fiscal_gdp size_pct
   <chr>   <dbl>   <dbl> <chr>   <ord>              <dbl>    <dbl>
 1 AUS      2020       1 Q1.2020 Q1.2020         0          0     
 2 AUS      2020       1 Q1.2020 Q1.2020         0.000652   0.0652
 3 AUS      2020       1 Q1.2020 Q1.2020         0.00336    0.336 
 4 AUS      2020       1 Q1.2020 Q1.2020         0.00241    0.241 
 5 AUS      2020       1 Q1.2020 Q1.2020         0.00160    0.160 
 6 AUS      2020       1 Q1.2020 Q1.2020         0.000501   0.0501
 7 AUS      2020       1 Q1.2020 Q1.2020         0          0     
 8 AUS      2020       1 Q1.2020 Q1.2020         0.000351   0.0351
 9 AUS      2020       1 Q1.2020 Q1.2020         0          0     
10 AUS      2020       1 Q1.2020 Q1.2020         0          0     
# A tibble: 11 × 5
   PolicyCode transmission_channel category     n total_vol
   <chr>      <chr>                   <dbl> <int>     <dbl>
 1 11         CP                          1     1     0    
 2 12         CP                          1     5     0    
 3 15         CP                          1     4     0    
 4 15         CP                          3     1     0.214
 5 16         CP                          1     4     0    
 6 16         CP                          3    10     3.64 
 7 5          CP                          1     3     0    
 8 5          CP                          3     4     0.372
 9 6          CP                          1    12     0.160
10 6          CP                          3    79    45.4  
11 6          <NA>                       NA     1     0    
Verbleibende Massnahmen: 4559
Block 1 (qdata):     608 obs, 38 countries
Block 2 (theta):     456 obs, 38 countries
Block 3 (fiscal):    254 obs, 38 countries
Block 4 (stringency): 456 obs, 38 countries
Block 5 (hosp):      238 obs, 32 countries
Block 6 (mobility):  444 obs, 37 countries

--- Merging blocks ---

 ====================================================================== 
  MASTER DATASET df — DIAGNOSTICS
====================================================================== 

  Dimensions:      608 obs × 55 variables
  Countries:       38
  Quarters:        16 (Q1.2019 to Q4.2022)

  NA counts (key variables):
    y_t_pct                NA:   0 / 608 (0.0%)
    d_t_pct                NA:   0 / 608 (0.0%)
    theta_mean             NA: 152 / 608 (25.0%)
    F_CP                   NA:   0 / 608 (0.0%)
    F_DI                   NA:   0 / 608 (0.0%)
    F_H                    NA:   0 / 608 (0.0%)
    hosp_new_pm            NA: 446 / 608 (73.4%)
    icu_occ_pm             NA: 414 / 608 (68.1%)
    mob_retail             NA: 164 / 608 (27.0%)

  Balanced panel check (observations per country):
    Min: 16 | Max: 16 | Modal: 16

  Variables in df:
 [1] "Country"                     "Quarter"                     "year_only"                   "quarter_only"                "y_t_pct"                    
 [6] "y_t"                         "QReal.GDP.Growth_gr"         "d_t_pct"                     "d_t_pct_r"                   "d_t"                        
[11] "DebtN_share2019"             "DebtR_share2019"             "DebtN_share2019_growth"      "DebtR_share2019_growth"      "Qpopulation_th"             
[16] "nGDP_2019_an"                "inflation_index"             "vax_rate"                    "rGDP_pc_2019"                "debt_2019"                  
[21] "StringencyIndex_PopWeighted" "p_proj_all_ages"             "excess.deaths_a"             "ConfirmedDeaths.a"           "p_avg_all_ages"             
[26] "pop_2019"                    "theta_mean"                  "theta_mean_l2"               "theta_mean_l4"               "theta_mean_lo"              
[31] "theta_mean_hi"               "wave_dominant"               "freq_source"                 "F_CP"                        "F_DI"                       
[36] "F_H"                         "F_total"                     "CP_share"                    "DI_share"                    "n_measures_CP"              
[41] "n_measures_DI"               "S_mean_pw"                   "S_max_pw"                    "S_sd"                        "hosp_new_pm"                
[46] "icu_occ_pm"                  "hosp_occ_pm"                 "mob_grocery"                 "mob_parks"                   "mob_residential"            
[51] "mob_retail"                  "mob_transit"                 "mob_workplaces"              "quarter_num"                 "date"                       
  Estimation sample: 494 obs (38 countries x 13 quarters)
# A tibble: 11 × 5
   variable                            mean          sd      min         max
   <chr>                              <dbl>       <dbl>    <dbl>       <dbl>
 1 F_CP                            0.00819      0.0248    0           0.254 
 2 F_DI                            0.00163      0.00571   0           0.0832
 3 F_H                             0.000721     0.00306   0           0.0425
 4 S_mean_pw                       0.341        0.220     0           0.857 
 5 StringencyIndex_PopWeighted    32.5         22.5       0          85.6   
 6 d_t_pct                        12.2         15.5     -16.8        95.0   
 7 icu_occ_pm                     23.7         24.0       0.0224    161.    
 8 pop_2019                    35891.       58811.      323.     331208     
 9 theta_mean                      0.0176       0.0241    0           0.129 
10 vax_rate                        0.378        0.342     0           0.903 
11 y_t_pct                        -3.08         4.40    -23.5        11.3   
 [1] "Country"                     "Quarter"                     "year_only"                   "quarter_only"                "y_t_pct"                    
 [6] "y_t"                         "QReal.GDP.Growth_gr"         "d_t_pct"                     "d_t_pct_r"                   "d_t"                        
[11] "DebtN_share2019"             "DebtR_share2019"             "DebtN_share2019_growth"      "DebtR_share2019_growth"      "Qpopulation_th"             
[16] "nGDP_2019_an"                "inflation_index"             "vax_rate"                    "rGDP_pc_2019"                "debt_2019"                  
[21] "StringencyIndex_PopWeighted" "p_proj_all_ages"             "excess.deaths_a"             "ConfirmedDeaths.a"           "p_avg_all_ages"             
[26] "pop_2019"                    "theta_mean"                  "theta_mean_l2"               "theta_mean_l4"               "theta_mean_lo"              
[31] "theta_mean_hi"               "wave_dominant"               "freq_source"                 "F_CP"                        "F_DI"                       
[36] "F_H"                         "F_total"                     "CP_share"                    "DI_share"                    "n_measures_CP"              
[41] "n_measures_DI"               "S_mean_pw"                   "S_max_pw"                    "S_sd"                        "hosp_new_pm"                
[46] "icu_occ_pm"                  "hosp_occ_pm"                 "mob_grocery"                 "mob_parks"                   "mob_residential"            
[51] "mob_retail"                  "mob_transit"                 "mob_workplaces"              "quarter_num"                 "date"                       
[56] "S_mean_tw"                   "S_max_tw"                    "S_sd_tw"                     "theta_pct"                   "S_lag1"                     
[61] "S_lag2"                      "S_lead1"                     "F_DI_lag1"                   "F_DI_lag2"                   "F_DI_lag3"                  
[66] "F_CP_lag1"                   "F_CP_lag2"                   "F_CP_lead1"                  "theta_lag1"                  "y_lag1"                     
[71] "y_lead1"                     "p_p_lag1"                    "p_a_lag1"                   
   Country Quarter   F_CP_lag1 F_CP_lag2
1      AUS Q1.2020  0.00000000         0
2      AUS Q2.2020 10.23915716         0
3      AUT Q1.2020  0.00000000         0
4      AUT Q2.2020  2.91646703         0
5      BEL Q1.2020  0.00000000         0
6      BEL Q2.2020  1.56844869         0
7      CAN Q1.2020  0.00000000         0
8      CAN Q2.2020  6.89055584         0
9      CHE Q1.2020  0.00000000         0
10     CHE Q2.2020  4.30059477         0
11     CHL Q1.2020  0.00000000         0
12     CHL Q2.2020  1.09056920         0
13     COL Q1.2020  0.00000000         0
14     COL Q2.2020  0.02354648         0
15     CRI Q1.2020  0.00000000         0
16     CRI Q2.2020  0.16921078         0
17     CZE Q1.2020  0.00000000         0
18     CZE Q2.2020  1.19679898         0
19     DEU Q1.2020  0.00000000         0
20     DEU Q2.2020 21.65378872         0

 ====================================================================== 
  STEP 1: IDENTIFICATION STRATEGY
====================================================================== 


 ====================================================================== 
  DESCRIPTIVES FOR PAPER
====================================================================== 

--- D1: Within vs. Between Variation Decomposition ---

  Variable                      Overall  Between   Within  W/O (%)  B/O (%)
   ------------------------------------------------------------------------------ 
  Output gap (pp)                 4.766    3.018    3.688    77.4%    63.3%
  Stringency (0-100)             18.696    6.143   17.658    94.4%    32.9%
  CP (pp GDP)                     3.032    0.691    2.953    97.4%    22.8%
  DI (pp GDP)                     0.705    0.251    0.659    93.5%    35.6%
  Health (pp GDP)                 0.381    0.123    0.361    94.7%    32.3%
  Excess mortality (P-score)     14.873    7.603   12.783    85.9%    51.1%
  Infection prev. (%)             1.889    0.533    1.813    95.9%    28.2%
  Vaccination (%)                33.038    4.212   32.768    99.2%    12.7%

  INTERPRETATION: Variables with high within-share (>50%) are well-identified
  by country FE. Variables with low within-share rely on cross-country
  variation that FE absorbs — requiring interaction terms or IV for identification.

  -> Saved: tab_within_between.tex

--- D2: Pairwise Correlation Matrix ---

  Correlation matrix (Pearson, pairwise complete):
                   $y_{ik}$ $S_{ik}$ $F^{CP}_{ik}$ $F^{DI}_{ik}$ $d_{ik}$ $\\theta_{ik}$ $\\text{Vax}_{ik}$
$y_{ik}$              1.000   -0.429        -0.253        -0.110   -0.092          0.199              0.431
$S_{ik}$             -0.429    1.000         0.130         0.117    0.203         -0.386             -0.558
$F^{CP}_{ik}$        -0.253    0.130         1.000         0.247   -0.154         -0.193             -0.358
$F^{DI}_{ik}$        -0.110    0.117         0.247         1.000   -0.042         -0.165             -0.273
$d_{ik}$             -0.092    0.203        -0.154        -0.042    1.000          0.316              0.039
$\\theta_{ik}$        0.199   -0.386        -0.193        -0.165    0.316          1.000              0.529
$\\text{Vax}_{ik}$    0.431   -0.558        -0.358        -0.273    0.039          0.529              1.000

  Key correlations for identification:
    r(S, F_CP)    = +0.130  (lockdown-fiscal nexus)
    r(S, F_DI)    = +0.117
    r(S, theta)   = -0.386  (endogeneity concern)
    r(F_CP, F_DI) = +0.247  (fiscal composition)
    r(S, d)       = +0.203  (containment-mortality)

  -> Saved: tab_corr_matrix.tex

--- D4: Distribution of Fiscal Instruments ---

  F_CP  : N=380, zeros=143 (37.6%), skewness=4.17, P50=0.119, P90=3.756
  F_DI  : N=380, zeros=222 (58.4%), skewness=5.66, P50=0.000, P90=0.848
  F_H   : N=380, zeros=290 (76.3%), skewness=5.75, P50=0.000, P90=0.396

  -> Saved: fig_fiscal_density.pdf

--- D5: Time-series of Key Variables (OECD mean +/- 1 SD) ---

  (computed debt_dR for D5 plot)
  -> Saved: fig_ts_key_variables.pdf and .png

====================================================================== 
  END DESCRIPTIVES FOR PAPER
====================================================================== 

                                      N   Mean     SD     Min    P25 Median    P75    Max
1                   Output Gap (pp) 380 -4.361  4.766 -23.470 -6.342 -3.736 -1.742 11.132
2          Stringency Index (0–100) 380 40.186 18.696   0.000 28.240 39.796 54.450 85.657
3    Capacity Preservation (pp GDP) 380  1.311  3.032   0.000  0.000  0.119  1.085 25.422
4          of which: Above-the-line 380  0.512  0.979   0.000  0.000  0.050  0.616  8.484
5                   of which: Loans 380  0.213  1.018   0.000  0.000  0.000  0.005 13.264
6    of which: Guarantees (adj 35%) 380  0.205  0.732   0.000  0.000  0.000  0.000  5.703
7         Demand Injection (pp GDP) 380  0.261  0.705   0.000  0.000  0.000  0.141  8.315
8               of which: Transfers 380  0.191  0.641   0.000  0.000  0.000  0.057  8.315
9        Fear Term (infection risk) 380 10.225 14.873 -13.359  0.568  5.512 15.301 87.215
10         Infection Prevalence (%) 380  1.182  1.889   0.000  0.101  0.411  1.428 11.446
11      Health Expenditure (pp GDP) 380  0.115  0.381   0.000  0.000  0.000  0.000  4.253
 [ reached 'max' / getOption("max.print") -- omitted 1 rows ]
  → Saved: tab_1_descriptives.tex

--- 1B: Orthogonality check: mean stringency vs mean fiscal deployment ---
  r(mean S, mean F_CP)    = +0.149
  r(mean S, mean F_DI)    = -0.040
  r(mean S, mean F_total) = +0.096
  r(mean S, CP share)     = +0.078

  INTERPRETATION: Near-zero correlations confirm that fiscal composition
  was driven by institutional capacity, political preferences, and pre-
  existing safety nets rather than by contemporaneous pandemic severity.
  This near-orthogonality is the key identifying condition: the S*F_CP
  interaction provides within-country variation that is not confounded by
  common time shocks (absorbed by quarter FE) or country heterogeneity
  (absorbed by country FE). Paper reference: Section 4.2, empirical_draft.

--- 1C: Within-quarter SD of S and F_CP (conditional variation) ---
# A tibble: 10 × 5
   Quarter  sd_S sd_FCP sd_FDI     n
   <chr>   <dbl>  <dbl>  <dbl> <int>
 1 Q1.2020 10.1   4.89   0.951    38
 2 Q1.2021 14.3   0.723  1.48     38
 3 Q1.2022 10.6   0      0        38
 4 Q2.2020 11.7   5.42   0.776    38
 5 Q2.2021 11.3   0.537  0.343    38
 6 Q2.2022  9.08  0      0        38
 7 Q3.2020 12.4   0.922  0.589    38
 8 Q3.2021  8.91  0.522  0.188    38
 9 Q4.2020 12.0   0.994  0.51     38
10 Q4.2021 10.9   0.807  0.151    38
  Large within-quarter SD of both S and F_CP confirms that the identifying
  variation survives absorption of quarter fixed effects.

--- 1D: CP share distribution (SD=0.159, P10=0.53, P90=0.94, ratio=1.8) ---
  The P90/P10 CP-share ratio reveals that the top-decile country allocated
  substantially more of its fiscal package to CP than the bottom decile.
  This compositional variation — not aggregate size — identifies η.

--- FIGURE 1: Identification scatter ---
  → Saved: fig01_identification_scatter.pdf
  → Saved: fig02_cpshare_country.pdf
  → Saved: fig03_output_gap_ts.pdf


 ====================================================================== 
  STEP 2: MODEL JUSTIFICATION — OLS → COUNTRY FE → TWFE
====================================================================== 


t test of coefficients:

                   Estimate Std. Error t value Pr(>|t|)   
S_mean_tw        -0.0229239  0.0124530 -1.8408 0.066557 . 
y_lag1            0.2604189  0.0910150  2.8613 0.004493 **
F_CP              0.2617630  0.0871020  3.0052 0.002860 **
F_DI_lag2         0.1954392  0.1109788  1.7611 0.079170 . 
p_proj_all_ages  -0.0200742  0.0088159 -2.2770 0.023434 * 
S_mean_tw:y_lag1  0.0025713  0.0012999  1.9781 0.048758 * 
S_mean_tw:F_CP   -0.0075436  0.0028435 -2.6529 0.008371 **
y_lag1:F_CP      -0.0232912  0.0135236 -1.7223 0.085974 . 
---
Signif. codes:  0 ‘***’ 0.001 ‘**’ 0.01 ‘*’ 0.05 ‘.’ 0.1 ‘ ’ 1

--- Table 2: Model Progression (OLS → Country FE → TWFE) ---
  → Saved: tab_2_model_progression.tex

--- 2C: Mundlak Test (correlated random effects) ---
  Mundlak Wald test: F(NA) = 4.263, p = 0.0022
  INTERPRETATION: Significant group means confirm that regressors are
  correlated with country-specific unobservables → Country FE required.
  Quarter FE additionally absorb common pandemic wave shocks.

--- 2D: Nickell Bias Assessment (T=9, dynamic panel) ---
  T = 9  →  O(1/T) bias ≈ 11.1%
  ρ_y (FE)           = 0.2604
  ρ_y (Nickell-adj.) = 0.2930  (upward correction +0.0326)
  ψ (S×y, FE)        = 0.00257
  CONCLUSION: ρ_y ≈ 0.06 is small → absolute Nickell bias < 0.007.
  ψ, estimated through the interaction, carries a compounded bias of
  similar order. Both biases are negligible relative to their SEs.
  Section 7 (GMM Arellano-Bond) provides a formal bias-corrected estimate.


 ====================================================================== 
  STEP 5: STANDARD ERROR COMPARISON
====================================================================== 

OLS estimation, Dep. Var.: y_t_pct
Observations: 418
Subset: t_idx >= 4 & t_idx <= 14
Fixed-effects: Country: 38
Standard-errors: Clustered (Country) 
                     Estimate Std. Error  t value        Pr(>|t|)    
y_lag1               0.201399   0.049466  4.07143 0.0002361565621 ***
S_mean_tw           -0.090661   0.011908 -7.61337 0.0000000043873 ***
F_CP_lag2            0.110651   0.034690  3.18969 0.0028987340000 ** 
F_DI_lag1            1.673817   0.541948  3.08852 0.0038040639081 ** 
S_mean_tw:F_DI_lag1 -0.044837   0.013677 -3.27828 0.0022776629386 ** 
---
Signif. codes:  0 '***' 0.001 '**' 0.01 '*' 0.05 '.' 0.1 ' ' 1
RMSE: 2.86332     Adj. R2: 0.581923
                Within R2: 0.423557
OLS estimation, Dep. Var.: y_t_pct
Observations: 418
Subset: t_idx >= 4 & t_idx <= 14
Fixed-effects: Country: 38
Standard-errors: Clustered (Country) 
                     Estimate Std. Error  t value        Pr(>|t|)    
y_lag1               0.217037   0.047896  4.53139 0.0000593744631 ***
S_mean_tw           -0.098411   0.012969 -7.58831 0.0000000047316 ***
F_CP_cum             0.103248   0.035571  2.90261 0.0062030349632 ** 
F_CP_lag2            0.108280   0.036236  2.98820 0.0049613919895 ** 
F_DI_lag1            1.416985   0.516520  2.74333 0.0093218265875 ** 
S_mean_tw:F_DI_lag1 -0.039611   0.013777 -2.87512 0.0066600103700 ** 
---
Signif. codes:  0 '***' 0.001 '**' 0.01 '*' 0.05 '.' 0.1 ' ' 1
RMSE: 2.82884     Adj. R2: 0.59084 
                Within R2: 0.437357

Cor(F_CP_cum, F_CP_lag2) = 0.257 

VIF Step 2:
             y_lag1           S_mean_tw            F_CP_cum           F_CP_lag2           F_DI_lag1 S_mean_tw:F_DI_lag1 
           1.392881            1.311680            1.145563            1.314401           14.131238           14.421686 
OLS estimation, Dep. Var.: y_t_pct
Observations: 418
Subset: t_idx >= 4 & t_idx <= 14
Fixed-effects: Country: 38
Standard-errors: Clustered (Country) 
                 Estimate Std. Error    t value           Pr(>|t|)    
y_lag1           0.152866   0.042149   3.626777 0.0008599702888835 ***
S_mean_tw       -0.103403   0.010149 -10.188593 0.0000000000027503 ***
p_proj_all_ages  0.015010   0.015330   0.979148 0.3338658400012879    
---
Signif. codes:  0 '***' 0.001 '**' 0.01 '*' 0.05 '.' 0.1 ' ' 1
RMSE: 2.92762     Adj. R2: 0.565253
                Within R2: 0.397376
OLS estimation, Dep. Var.: y_t_pct
Observations: 418
Subset: t_idx >= 4 & t_idx <= 14
Fixed-effects: Country: 38
Standard-errors: Clustered (Country) 
               Estimate Std. Error  t value         Pr(>|t|)    
y_lag1         0.063785   0.045739  1.39454 0.17147115187920    
S_mean_tw     -0.087212   0.010244 -8.51310 0.00000000030445 ***
f_total_lag1 -41.314657   9.556126 -4.32337 0.00011136407089 ***
---
Signif. codes:  0 '***' 0.001 '**' 0.01 '*' 0.05 '.' 0.1 ' ' 1
RMSE: 2.67262     Adj. R2: 0.637689
                Within R2: 0.497783
OLS estimation, Dep. Var.: y_t_pct
Observations: 418
Subset: t_idx >= 4 & t_idx <= 14
Fixed-effects: Country: 38
Standard-errors: Clustered (Country) 
                      Estimate Std. Error  t value        Pr(>|t|)    
y_lag1                0.221053   0.051881  4.26076 0.0001343875145 ***
S_mean_tw            -0.100796   0.011406 -8.83736 0.0000000001191 ***
F_CP_above_flow_lag2  0.588365   0.202189  2.90998 0.0060856313612 ** 
F_CP_belowstock       0.304245   0.142000  2.14256 0.0387943466767 *  
F_DI_lag1            -0.615156   0.419338 -1.46697 0.1508328633190    
---
Signif. codes:  0 '***' 0.001 '**' 0.01 '*' 0.05 '.' 0.1 ' ' 1
RMSE: 2.85684     Adj. R2: 0.583814
                Within R2: 0.426164
OLS estimation, Dep. Var.: y_t_pct
Observations: 418
Subset: t_idx >= 4 & t_idx <= 14
Fixed-effects: Country: 38
Standard-errors: Clustered (Country) 
                      Estimate Std. Error  t value        Pr(>|t|)    
y_lag1                0.231078   0.049862  4.63431 0.0000433956326 ***
S_mean_tw            -0.095151   0.012547 -7.58335 0.0000000048028 ***
F_CP_above_flow_lag2  0.544156   0.188860  2.88126 0.0065553462555 ** 
F_CP_belowstock       0.261165   0.145119  1.79966 0.0800733206736 .  
F_DI_lag1             1.470488   0.568814  2.58518 0.0138093239771 *  
S_mean_tw:F_DI_lag1  -0.040576   0.014377 -2.82225 0.0076287585630 ** 
---
Signif. codes:  0 '***' 0.001 '**' 0.01 '*' 0.05 '.' 0.1 ' ' 1
RMSE: 2.8327     Adj. R2: 0.589722
               Within R2: 0.435819

=== V14 coefficient names (check exact interaction label) ===
[1] "y_lag1"               "S_mean_tw"            "F_CP_above_flow_lag2" "F_CP_belowstock"      "F_DI_lag1"            "S_mean_tw:F_DI_lag1" 

=== V14 summary (clustered) ===
OLS estimation, Dep. Var.: y_t_pct
Observations: 418
Subset: t_idx >= 4 & t_idx <= 14
Fixed-effects: Country: 38
Standard-errors: Clustered (Country) 
                      Estimate Std. Error  t value        Pr(>|t|)    
y_lag1                0.231078   0.049862  4.63431 0.0000433956326 ***
S_mean_tw            -0.095151   0.012547 -7.58335 0.0000000048028 ***
F_CP_above_flow_lag2  0.544156   0.188860  2.88126 0.0065553462555 ** 
F_CP_belowstock       0.261165   0.145119  1.79966 0.0800733206736 .  
F_DI_lag1             1.470488   0.568814  2.58518 0.0138093239771 *  
S_mean_tw:F_DI_lag1  -0.040576   0.014377 -2.82225 0.0076287585630 ** 
---
Signif. codes:  0 '***' 0.001 '**' 0.01 '*' 0.05 '.' 0.1 ' ' 1
RMSE: 2.8327     Adj. R2: 0.589722
               Within R2: 0.435819


############################################################
#  TEST 1: JOINT significance of DI (main + interaction)   #
############################################################
Wald test, H0: joint nullity of F_DI_lag1 and S_mean_tw:F_DI_lag1
 stat = 4.23277, p-value = 0.022111, on 2 and 37 DoF, VCOV: Clustered (Country).$stat
[1] 4.232767

$p
[1] 0.02211106

$df1
[1] 2

$df2
[1] 37

$vcov
[1] "Clustered (Country)"


  Interpretation:
   p < 0.05  -> DI matters JOINTLY; keep it, but you cannot attribute
               the effect to level vs. interaction separately.
   p >= 0.05 -> DI has NO detectable output effect at all. The channel
               is empirically absent (consistent with supply-constrained
               theory). Report DI output effect as zero.


############################################################
#  TEST 2: DI without interaction (unconditional effect)   #
############################################################
OLS estimation, Dep. Var.: y_t_pct
Observations: 418
Subset: t_idx >= 4 & t_idx <= 14
Fixed-effects: Country: 38
Standard-errors: Clustered (Country) 
                      Estimate Std. Error  t value        Pr(>|t|)    
y_lag1                0.221053   0.051881  4.26076 0.0001343875145 ***
S_mean_tw            -0.100796   0.011406 -8.83736 0.0000000001191 ***
F_CP_above_flow_lag2  0.588365   0.202189  2.90998 0.0060856313612 ** 
F_CP_belowstock       0.304245   0.142000  2.14256 0.0387943466767 *  
F_DI_lag1            -0.615156   0.419338 -1.46697 0.1508328633190    
---
Signif. codes:  0 '***' 0.001 '**' 0.01 '*' 0.05 '.' 0.1 ' ' 1
RMSE: 2.85684     Adj. R2: 0.583814
                Within R2: 0.426164

  If F_DI_lag1 is significant here but not in V14, the interaction
  was absorbing the DI signal through collinearity (the two DI terms
  split the variance). If insignificant here TOO, DI simply does not
  move output -> strongest case for dropping it as an output channel.


############################################################
#  TEST 3: collinearity of DI level vs DI x S              #
############################################################
  corr(F_DI_lag1, F_DI_lag1:S_mean_tw) = 0.9605
  N nonzero F_DI_lag1 in sample: 158 of 418
  A correlation near 1 and few nonzero DI quarters together explain
  non-identification: the interaction is almost a rescaling of the level.


############################################################
#  TEST 4: marginal DI effect across stringency             #
############################################################
  S=  0.0 :  dY/dDI = +1.470  [+0.356, +2.585]
  S= 37.1 :  dY/dDI = -0.034  [-0.800, +0.732]  CI INCLUDES 0
  S= 63.7 :  dY/dDI = -1.113  [-2.322, +0.095]  CI INCLUDES 0

Cor(Above_lag2, Belowstock) = 0.117 

VIF V14:
              y_lag1            S_mean_tw F_CP_above_flow_lag2      F_CP_belowstock            F_DI_lag1  S_mean_tw:F_DI_lag1 
            1.357524             1.297734             1.234507             1.085656            14.116283            14.416017 
        AUS         AUT         BEL         CAN         CHE         CHL         COL         CRI         CZE         DEU         DNK         ESP         EST 
 1.10569861 -1.03998313  0.30091941 -0.09788597  1.29874819  1.32456122  1.98941624  0.14663777 -3.56225855 -1.73812330 -0.08323068 -4.89578934 -1.83269243 
        FIN         FRA         GBR         GRC         HUN         IRL         ISL         ISR         ITA         JPN         KOR         LTU         LUX 
-1.48332372 -1.86928654 -3.32679048  0.29078063 -2.01460276  8.31866652 -4.84884546  2.36722861 -0.50143483 -1.95606540  0.61405657  0.70020747  2.35683846 
        LVA         MEX         NLD         NOR         NZL         POL         PRT         SVK         SVN         SWE         TUR         USA 
-0.68301370 -3.20566243  1.06035194  1.22184586 -1.06160484 -0.59664838 -2.77509318 -0.25784011 -1.82841537  1.03487378  4.06577028  1.09866857 
# A tibble: 38 × 2
   Country    resid
   <chr>      <dbl>
 1 AUS      -3.62  
 2 AUT      -8.55  
 3 BEL      -6.47  
 4 CAN      -7.79  
 5 CHE      -4.74  
 6 CHL     -10.1   
 7 COL     -11.2   
 8 CRI      -3.76  
 9 CZE      -5.11  
10 DEU      -5.98  
11 DNK      -1.94  
12 ESP      -9.57  
13 EST      -2.43  
14 FIN      -1.98  
15 FRA      -8.49  
16 GBR     -12.5   
17 GRC      -9.95  
18 HUN      -8.99  
19 IRL      -1.09  
20 ISL      -4.70  
21 ISR      -0.661 
22 ITA     -10.9   
23 JPN      -6.81  
24 KOR      -1.83  
25 LTU      -0.0283
26 LUX      -5.31  
27 LVA      -7.43  
28 MEX      -7.97  
29 NLD      -5.17  
30 NOR      -2.45  
31 NZL      -5.49  
32 POL      -1.80  
33 PRT      -9.75  
34 SVK      -4.87  
35 SVN      -6.78  
36 SWE      -4.71  
37 TUR     -10.4   
38 USA      -4.79  

Median Q2.2020 residual = -5.401 

t test of coefficients:

                      Estimate Std. Error t value           Pr(>|t|)    
y_lag1                0.231078   0.049201  4.6966 0.0000037208018401 ***
S_mean_tw            -0.095151   0.012381 -7.6853 0.0000000000001357 ***
F_CP_above_flow_lag2  0.544156   0.186356  2.9200           0.003713 ** 
F_CP_belowstock       0.261165   0.143194  1.8238           0.068973 .  
F_DI_lag1             1.470488   0.561270  2.6199           0.009153 ** 
S_mean_tw:F_DI_lag1  -0.040576   0.014186 -2.8602           0.004471 ** 
---
Signif. codes:  0 ‘***’ 0.001 ‘**’ 0.01 ‘*’ 0.05 ‘.’ 0.1 ‘ ’ 1

              y_lag1            S_mean_tw F_CP_above_flow_lag2      F_CP_belowstock            F_DI_lag1  S_mean_tw:F_DI_lag1 
          0.23107814          -0.09515052           0.54415591           0.26116456           1.47048795          -0.04057558 
              y_lag1            S_mean_tw F_CP_above_flow_lag2      F_CP_belowstock            F_DI_lag1  S_mean_tw:F_DI_lag1 
          0.23107814          -0.09515052           0.54415591           0.26116456           1.47048795          -0.04057558 

t test of coefficients:

                      Estimate Std. Error t value           Pr(>|t|)    
y_lag1                0.229503   0.047606  4.8208 0.0000020848658288 ***
S_mean_tw            -0.096963   0.012375 -7.8352 0.0000000000000493 ***
F_CP_above_flow_lag2  0.542321   0.184075  2.9462           0.003419 ** 
F_CP_belowstock       0.237040   0.137871  1.7193           0.086392 .  
F_DI_lag1             1.499299   0.558211  2.6859           0.007557 ** 
p_proj_all_ages       0.011824   0.013967  0.8466           0.397776    
S_mean_tw:F_DI_lag1  -0.041055   0.014049 -2.9222           0.003687 ** 
---
Signif. codes:  0 ‘***’ 0.001 ‘**’ 0.01 ‘*’ 0.05 ‘.’ 0.1 ‘ ’ 1


t test of coefficients:

                                      Estimate Std. Error t value           Pr(>|t|)    
y_lag1                                0.233154   0.047772  4.8805 0.0000015708032921 ***
S_mean_tw                            -0.094673   0.012367 -7.6555 0.0000000000001667 ***
F_CP_above_flow_lag2                  0.285862   0.223055  1.2816           0.200788    
F_CP_belowstock                       0.216509   0.143944  1.5041           0.133395    
F_DI_lag1                             1.597601   0.561684  2.8443           0.004696 ** 
F_CP_above_flow_lag2:F_CP_belowstock  0.129677   0.060007  2.1610           0.031328 *  
S_mean_tw:F_DI_lag1                  -0.042793   0.014175 -3.0189           0.002712 ** 
---
Signif. codes:  0 ‘***’ 0.001 ‘**’ 0.01 ‘*’ 0.05 ‘.’ 0.1 ‘ ’ 1


t test of coefficients:

                                       Estimate Std. Error t value            Pr(>|t|)    
y_lag1                                0.4590554  0.0572949  8.0122 0.00000000000001553 ***
S_mean_tw                            -0.0444378  0.0119442 -3.7204           0.0002304 ***
F_CP_above_flow_lag2                 -0.0863717  0.1953561 -0.4421           0.6586625    
F_CP_belowstock                      -0.0088629  0.1053377 -0.0841           0.9329931    
F_DI_lag1                            -0.1656626  0.4716061 -0.3513           0.7255871    
F_CP_above_flow_lag2:F_CP_belowstock  0.1012247  0.0510554  1.9826           0.0481605 *  
S_mean_tw:F_DI_lag1                   0.0024584  0.0091688  0.2681           0.7887520    
---
Signif. codes:  0 ‘***’ 0.001 ‘**’ 0.01 ‘*’ 0.05 ‘.’ 0.1 ‘ ’ 1


t test of coefficients:

                                      Estimate Std. Error t value           Pr(>|t|)    
y_lag1                                0.233154   0.047772  4.8805 0.0000015708032921 ***
S_mean_tw                            -0.094673   0.012367 -7.6555 0.0000000000001667 ***
F_CP_above_flow_lag2                  0.285862   0.223055  1.2816           0.200788    
F_CP_belowstock                       0.216509   0.143944  1.5041           0.133395    
F_DI_lag1                             1.597601   0.561684  2.8443           0.004696 ** 
F_CP_above_flow_lag2:F_CP_belowstock  0.129677   0.060007  2.1610           0.031328 *  
S_mean_tw:F_DI_lag1                  -0.042793   0.014175 -3.0189           0.002712 ** 
---
Signif. codes:  0 ‘***’ 0.001 ‘**’ 0.01 ‘*’ 0.05 ‘.’ 0.1 ‘ ’ 1


t test of coefficients:

                                 Estimate Std. Error t value        Pr(>|t|)    
y_lag1                           0.185852   0.045593  4.0764 0.0000559354547 ***
S_mean_tw                       -0.087501   0.013679 -6.3966 0.0000000004762 ***
F_CP_above_flow                 -0.368353   0.239538 -1.5378        0.124955    
F_CP_belowstock                  0.259411   0.148132  1.7512        0.080731 .  
F_DI_lag1                        1.471442   0.618109  2.3806        0.017788 *  
F_CP_above_flow:F_CP_belowstock -0.107053   0.067112 -1.5951        0.111529    
S_mean_tw:F_DI_lag1             -0.040986   0.014807 -2.7679        0.005922 ** 
---
Signif. codes:  0 ‘***’ 0.001 ‘**’ 0.01 ‘*’ 0.05 ‘.’ 0.1 ‘ ’ 1


t test of coefficients:

                                      Estimate Std. Error t value        Pr(>|t|)    
y_lag1                                0.137777   0.046288  2.9765       0.0031059 ** 
S_mean_tw                            -0.080835   0.012433 -6.5016 0.0000000002554 ***
F_CP_above_flow_lag1                 -1.145112   0.302561 -3.7847       0.0001792 ***
F_CP_belowstock                       0.281474   0.161655  1.7412       0.0824727 .  
F_DI_lag1                             2.236563   0.768231  2.9113       0.0038153 ** 
F_CP_above_flow_lag1:F_CP_belowstock -0.030569   0.102631 -0.2979       0.7659801    
S_mean_tw:F_DI_lag1                  -0.049275   0.014937 -3.2989       0.0010640 ** 
---
Signif. codes:  0 ‘***’ 0.001 ‘**’ 0.01 ‘*’ 0.05 ‘.’ 0.1 ‘ ’ 1


t test of coefficients:

                                      Estimate Std. Error t value           Pr(>|t|)    
y_lag1                                0.233154   0.047772  4.8805 0.0000015708032921 ***
S_mean_tw                            -0.094673   0.012367 -7.6555 0.0000000000001667 ***
F_CP_above_flow_lag2                  0.285862   0.223055  1.2816           0.200788    
F_CP_belowstock                       0.216509   0.143944  1.5041           0.133395    
F_DI_lag1                             1.597601   0.561684  2.8443           0.004696 ** 
F_CP_above_flow_lag2:F_CP_belowstock  0.129677   0.060007  2.1610           0.031328 *  
S_mean_tw:F_DI_lag1                  -0.042793   0.014175 -3.0189           0.002712 ** 
---
Signif. codes:  0 ‘***’ 0.001 ‘**’ 0.01 ‘*’ 0.05 ‘.’ 0.1 ‘ ’ 1

 [1] "Country"                     "Quarter"                     "year_only"                   "quarter_only"                "y_t_pct"                    
 [6] "y_t"                         "QReal.GDP.Growth_gr"         "d_t_pct"                     "d_t_pct_r"                   "d_t"                        
[11] "DebtN_share2019"             "DebtR_share2019"             "DebtN_share2019_growth"      "DebtR_share2019_growth"      "Qpopulation_th"             
[16] "nGDP_2019_an"                "inflation_index"             "vax_rate"                    "rGDP_pc_2019"                "debt_2019"                  
[21] "StringencyIndex_PopWeighted" "p_proj_all_ages"             "excess.deaths_a"             "ConfirmedDeaths.a"           "p_avg_all_ages"             
[26] "pop_2019"                    "theta_mean"                  "theta_mean_l2"               "theta_mean_l4"               "theta_mean_lo"              
[31] "theta_mean_hi"               "wave_dominant"               "freq_source"                 "F_CP"                        "F_DI"                       
[36] "F_H"                         "F_total"                     "CP_share"                    "DI_share"                    "n_measures_CP"              
[41] "n_measures_DI"               "S_mean_pw"                   "S_max_pw"                    "S_sd"                        "hosp_new_pm"                
[46] "icu_occ_pm"                  "hosp_occ_pm"                 "mob_grocery"                 "mob_parks"                   "mob_residential"            
[51] "mob_retail"                  "mob_transit"                 "mob_workplaces"              "quarter_num"                 "date"                       
[56] "S_mean_tw"                   "S_max_tw"                    "S_sd_tw"                     "theta_pct"                   "S_lag1"                     
[61] "S_lag2"                      "S_lead1"                     "F_DI_lag1"                   "F_DI_lag2"                   "F_DI_lag3"                  
[66] "F_CP_lag1"                   "F_CP_lag2"                   "F_CP_lead1"                  "theta_lag1"                  "y_lag1"                     
[71] "y_lead1"                     "p_p_lag1"                    "p_a_lag1"                    "F_CP_above_3"                "F_CP_loans"                 
[76] "F_CP_guar"                   "F_CP_guar_lo"                "F_CP_guar_mid"               "F_CP_guar_hi"                "F_CP_adj_lo"                
[81] "F_CP_adj_mid"                "F_CP_adj_hi"                 "F_CP_guar_adj"               "F_DI_transfers"              "F_DI_demand"                
[86] "F_DI_tax"                    "F_H_supply"                  "F_H_infra"                   "F_DI_transfers_lag2"         "F_DI_demand_lag2"           
[91] "F_DI_tax_lag2"               "t_idx"                       "S_high"                      "S_y_lag"                     "S_FCP"                      
[96] "half_year"                   "debt_dR"                     "y_lag1_recession"            "F_CP_cum"                   
 [ reached 'max' / getOption("max.print") -- omitted 17 entries ]

t test of coefficients:

                      Estimate Std. Error t value           Pr(>|t|)    
y_lag1                0.256418   0.050627  5.0648 0.0000006440520072 ***
S_mean_tw            -0.083136   0.011244 -7.3935 0.0000000000009505 ***
F_CP_above_flow_lag2  0.466195   0.167093  2.7900           0.005541 ** 
F_CP_guar            -0.341997   0.125507 -2.7249           0.006735 ** 
F_CP_loans           -0.372233   0.141288 -2.6346           0.008775 ** 
F_DI_lag1             1.474699   0.581620  2.5355           0.011636 *  
S_mean_tw:F_DI_lag1  -0.040428   0.013662 -2.9591           0.003283 ** 
---
Signif. codes:  0 ‘***’ 0.001 ‘**’ 0.01 ‘*’ 0.05 ‘.’ 0.1 ‘ ’ 1


t test of coefficients:

                                 Estimate Std. Error t value          Pr(>|t|)    
y_lag1                           0.273664   0.053360  5.1286 0.000000471279324 ***
S_mean_tw                       -0.082669   0.011248 -7.3495 0.000000000001279 ***
F_CP_above_flow_lag2             0.421621   0.159011  2.6515          0.008357 ** 
F_CP_guar                       -0.345617   0.125910 -2.7450          0.006346 ** 
F_CP_loans                      -0.400639   0.153563 -2.6090          0.009449 ** 
F_DI_lag1                        1.525347   0.591605  2.5783          0.010313 *  
F_CP_above_flow_lag2:F_CP_guar   0.269713   0.315988  0.8536          0.393901    
F_CP_above_flow_lag2:F_CP_loans  1.424232   0.617972  2.3047          0.021736 *  
S_mean_tw:F_DI_lag1             -0.040994   0.013681 -2.9965          0.002915 ** 
---
Signif. codes:  0 ‘***’ 0.001 ‘**’ 0.01 ‘*’ 0.05 ‘.’ 0.1 ‘ ’ 1


t test of coefficients:

                      Estimate Std. Error t value           Pr(>|t|)    
y_lag1                0.256418   0.050627  5.0648 0.0000006440520072 ***
S_mean_tw            -0.083136   0.011244 -7.3935 0.0000000000009505 ***
F_CP_above_flow_lag2  0.466195   0.167093  2.7900           0.005541 ** 
F_CP_guar            -0.341997   0.125507 -2.7249           0.006735 ** 
F_CP_loans           -0.372233   0.141288 -2.6346           0.008775 ** 
F_DI_lag1             1.474699   0.581620  2.5355           0.011636 *  
S_mean_tw:F_DI_lag1  -0.040428   0.013662 -2.9591           0.003283 ** 
---
Signif. codes:  0 ‘***’ 0.001 ‘**’ 0.01 ‘*’ 0.05 ‘.’ 0.1 ‘ ’ 1


t test of coefficients:

                      Estimate Std. Error t value          Pr(>|t|)    
y_lag1                0.256868   0.049347  5.2054 0.000000320111767 ***
S_mean_tw            -0.083134   0.011232 -7.4015 0.000000000000898 ***
F_CP_above_flow_lag2  0.466446   0.166868  2.7953         0.0054525 ** 
F_CP_below           -0.349456   0.090001 -3.8828         0.0001221 ***
F_DI_lag1             1.485502   0.586181  2.5342         0.0116775 *  
S_mean_tw:F_DI_lag1  -0.040669   0.013869 -2.9325         0.0035699 ** 
---
Signif. codes:  0 ‘***’ 0.001 ‘**’ 0.01 ‘*’ 0.05 ‘.’ 0.1 ‘ ’ 1


t test of coefficients:

                      Estimate Std. Error t value          Pr(>|t|)    
y_lag1                0.103019   0.043927  2.3453          0.019596 *  
S_mean_tw            -0.094869   0.013040 -7.2750 0.000000000002461 ***
F_CP_above_flow_lag2  0.347295   0.185778  1.8694          0.062436 .  
F_CP_below_lag1      -0.473086   0.099425 -4.7582 0.000002905598018 ***
F_DI_lag1             2.631790   0.974615  2.7003          0.007278 ** 
S_mean_tw:F_DI_lag1  -0.058641   0.018853 -3.1105          0.002027 ** 
---
Signif. codes:  0 ‘***’ 0.001 ‘**’ 0.01 ‘*’ 0.05 ‘.’ 0.1 ‘ ’ 1


t test of coefficients:

                       Estimate Std. Error t value           Pr(>|t|)    
y_lag1                0.1288662  0.0560881  2.2976           0.022279 *  
S_mean_tw            -0.1068919  0.0138766 -7.7030 0.0000000000001982 ***
F_CP_above_flow_lag2  0.4110622  0.1822444  2.2556           0.024824 *  
F_CP_below_lag1      -0.0022831  0.0276372 -0.0826           0.934218    
F_DI_lag1             1.4656177  0.5425321  2.7014           0.007299 ** 
S_mean_tw:F_DI_lag1  -0.0420095  0.0141165 -2.9759           0.003161 ** 
---
Signif. codes:  0 ‘***’ 0.001 ‘**’ 0.01 ‘*’ 0.05 ‘.’ 0.1 ‘ ’ 1


t test of coefficients:

                     Estimate Std. Error t value        Pr(>|t|)    
y_lag1               0.212487   0.047237  4.4983 0.0000091492608 ***
S_mean_tw           -0.079315   0.011936 -6.6451 0.0000000001069 ***
F_CP                -0.322464   0.074624 -4.3212 0.0000199035156 ***
F_DI_lag1            1.574100   0.620493  2.5369        0.011590 *  
S_mean_tw:F_DI_lag1 -0.042632   0.014382 -2.9641        0.003229 ** 
---
Signif. codes:  0 ‘***’ 0.001 ‘**’ 0.01 ‘*’ 0.05 ‘.’ 0.1 ‘ ’ 1

 [1] "Country"                     "Quarter"                     "year_only"                   "quarter_only"                "y_t_pct"                    
 [6] "y_t"                         "QReal.GDP.Growth_gr"         "d_t_pct"                     "d_t_pct_r"                   "d_t"                        
[11] "DebtN_share2019"             "DebtR_share2019"             "DebtN_share2019_growth"      "DebtR_share2019_growth"      "Qpopulation_th"             
[16] "nGDP_2019_an"                "inflation_index"             "vax_rate"                    "rGDP_pc_2019"                "debt_2019"                  
[21] "StringencyIndex_PopWeighted" "p_proj_all_ages"             "excess.deaths_a"             "ConfirmedDeaths.a"           "p_avg_all_ages"             
[26] "pop_2019"                    "theta_mean"                  "theta_mean_l2"               "theta_mean_l4"               "theta_mean_lo"              
[31] "theta_mean_hi"               "wave_dominant"               "freq_source"                 "F_CP"                        "F_DI"                       
[36] "F_H"                         "F_total"                     "CP_share"                    "DI_share"                    "n_measures_CP"              
[41] "n_measures_DI"               "S_mean_pw"                   "S_max_pw"                    "S_sd"                        "hosp_new_pm"                
[46] "icu_occ_pm"                  "hosp_occ_pm"                 "mob_grocery"                 "mob_parks"                   "mob_residential"            
[51] "mob_retail"                  "mob_transit"                 "mob_workplaces"              "quarter_num"                 "date"                       
[56] "S_mean_tw"                   "S_max_tw"                    "S_sd_tw"                     "theta_pct"                   "S_lag1"                     
[61] "S_lag2"                      "S_lead1"                     "F_DI_lag1"                   "F_DI_lag2"                   "F_DI_lag3"                  
[66] "F_CP_lag1"                   "F_CP_lag2"                   "F_CP_lead1"                  "theta_lag1"                  "y_lag1"                     
[71] "y_lead1"                     "p_p_lag1"                    "p_a_lag1"                    "F_CP_above_3"                "F_CP_loans"                 
[76] "F_CP_guar"                   "F_CP_guar_lo"                "F_CP_guar_mid"               "F_CP_guar_hi"                "F_CP_adj_lo"                
[81] "F_CP_adj_mid"                "F_CP_adj_hi"                 "F_CP_guar_adj"               "F_DI_transfers"              "F_DI_demand"                
[86] "F_DI_tax"                    "F_H_supply"                  "F_H_infra"                   "F_DI_transfers_lag2"         "F_DI_demand_lag2"           
[91] "F_DI_tax_lag2"               "t_idx"                       "S_high"                      "S_y_lag"                     "S_FCP"                      
[96] "half_year"                   "debt_dR"                     "y_lag1_recession"            "F_CP_cum"                   
 [ reached 'max' / getOption("max.print") -- omitted 19 entries ]

t test of coefficients:

                     Estimate Std. Error t value           Pr(>|t|)    
y_lag1               0.201399   0.048810  4.1261 0.0000454795767426 ***
S_mean_tw           -0.090661   0.011750 -7.7157 0.0000000000001099 ***
F_CP_lag2            0.110651   0.034230  3.2326          0.0013355 ** 
F_DI_lag1            1.673817   0.534761  3.1300          0.0018849 ** 
S_mean_tw:F_DI_lag1 -0.044837   0.013496 -3.3223          0.0009804 ***
---
Signif. codes:  0 ‘***’ 0.001 ‘**’ 0.01 ‘*’ 0.05 ‘.’ 0.1 ‘ ’ 1


t test of coefficients:

                       Estimate Std. Error t value           Pr(>|t|)    
y_lag1                0.1288662  0.0560881  2.2976           0.022279 *  
S_mean_tw            -0.1068919  0.0138766 -7.7030 0.0000000000001982 ***
F_CP_above_flow_lag2  0.4110622  0.1822444  2.2556           0.024824 *  
F_CP_below_lag1      -0.0022831  0.0276372 -0.0826           0.934218    
F_DI_lag1             1.4656177  0.5425321  2.7014           0.007299 ** 
S_mean_tw:F_DI_lag1  -0.0420095  0.0141165 -2.9759           0.003161 ** 
---
Signif. codes:  0 ‘***’ 0.001 ‘**’ 0.01 ‘*’ 0.05 ‘.’ 0.1 ‘ ’ 1

 [1] "Country"                     "Quarter"                     "year_only"                   "quarter_only"                "y_t_pct"                    
 [6] "y_t"                         "QReal.GDP.Growth_gr"         "d_t_pct"                     "d_t_pct_r"                   "d_t"                        
[11] "DebtN_share2019"             "DebtR_share2019"             "DebtN_share2019_growth"      "DebtR_share2019_growth"      "Qpopulation_th"             
[16] "nGDP_2019_an"                "inflation_index"             "vax_rate"                    "rGDP_pc_2019"                "debt_2019"                  
[21] "StringencyIndex_PopWeighted" "p_proj_all_ages"             "excess.deaths_a"             "ConfirmedDeaths.a"           "p_avg_all_ages"             
[26] "pop_2019"                    "theta_mean"                  "theta_mean_l2"               "theta_mean_l4"               "theta_mean_lo"              
[31] "theta_mean_hi"               "wave_dominant"               "freq_source"                 "F_CP"                        "F_DI"                       
[36] "F_H"                         "F_total"                     "CP_share"                    "DI_share"                    "n_measures_CP"              
[41] "n_measures_DI"               "S_mean_pw"                   "S_max_pw"                    "S_sd"                        "hosp_new_pm"                
[46] "icu_occ_pm"                  "hosp_occ_pm"                 "mob_grocery"                 "mob_parks"                   "mob_residential"            
[51] "mob_retail"                  "mob_transit"                 "mob_workplaces"              "quarter_num"                 "date"                       
[56] "S_mean_tw"                   "S_max_tw"                    "S_sd_tw"                     "theta_pct"                   "S_lag1"                     
[61] "S_lag2"                      "S_lead1"                     "F_DI_lag1"                   "F_DI_lag2"                   "F_DI_lag3"                  
[66] "F_CP_lag1"                   "F_CP_lag2"                   "F_CP_lead1"                  "theta_lag1"                  "y_lag1"                     
[71] "y_lead1"                     "p_p_lag1"                    "p_a_lag1"                    "F_CP_above_3"                "F_CP_loans"                 
[76] "F_CP_guar"                   "F_CP_guar_lo"                "F_CP_guar_mid"               "F_CP_guar_hi"                "F_CP_adj_lo"                
[81] "F_CP_adj_mid"                "F_CP_adj_hi"                 "F_CP_guar_adj"               "F_DI_transfers"              "F_DI_demand"                
[86] "F_DI_tax"                    "F_H_supply"                  "F_H_infra"                   "F_DI_transfers_lag2"         "F_DI_demand_lag2"           
[91] "F_DI_tax_lag2"               "t_idx"                       "S_high"                      "S_y_lag"                     "S_FCP"                      
[96] "half_year"                   "debt_dR"                     "y_lag1_recession"            "F_CP_cum"                   
 [ reached 'max' / getOption("max.print") -- omitted 19 entries ]

t test of coefficients:

                      Estimate Std. Error t value          Pr(>|t|)    
y_lag1                0.256868   0.049347  5.2054 0.000000320111767 ***
S_mean_tw            -0.083134   0.011232 -7.4015 0.000000000000898 ***
F_CP_above_flow_lag2  0.466446   0.166868  2.7953         0.0054525 ** 
F_CP_below           -0.349456   0.090001 -3.8828         0.0001221 ***
F_DI_lag1             1.485502   0.586181  2.5342         0.0116775 *  
S_mean_tw:F_DI_lag1  -0.040669   0.013869 -2.9325         0.0035699 ** 
---
Signif. codes:  0 ‘***’ 0.001 ‘**’ 0.01 ‘*’ 0.05 ‘.’ 0.1 ‘ ’ 1

 [1] "Country"                     "Quarter"                     "year_only"                   "quarter_only"                "y_t_pct"                    
 [6] "y_t"                         "QReal.GDP.Growth_gr"         "d_t_pct"                     "d_t_pct_r"                   "d_t"                        
[11] "DebtN_share2019"             "DebtR_share2019"             "DebtN_share2019_growth"      "DebtR_share2019_growth"      "Qpopulation_th"             
[16] "nGDP_2019_an"                "inflation_index"             "vax_rate"                    "rGDP_pc_2019"                "debt_2019"                  
[21] "StringencyIndex_PopWeighted" "p_proj_all_ages"             "excess.deaths_a"             "ConfirmedDeaths.a"           "p_avg_all_ages"             
[26] "pop_2019"                    "theta_mean"                  "theta_mean_l2"               "theta_mean_l4"               "theta_mean_lo"              
[31] "theta_mean_hi"               "wave_dominant"               "freq_source"                 "F_CP"                        "F_DI"                       
[36] "F_H"                         "F_total"                     "CP_share"                    "DI_share"                    "n_measures_CP"              
[41] "n_measures_DI"               "S_mean_pw"                   "S_max_pw"                    "S_sd"                        "hosp_new_pm"                
[46] "icu_occ_pm"                  "hosp_occ_pm"                 "mob_grocery"                 "mob_parks"                   "mob_residential"            
[51] "mob_retail"                  "mob_transit"                 "mob_workplaces"              "quarter_num"                 "date"                       
[56] "S_mean_tw"                   "S_max_tw"                    "S_sd_tw"                     "theta_pct"                   "S_lag1"                     
[61] "S_lag2"                      "S_lead1"                     "F_DI_lag1"                   "F_DI_lag2"                   "F_DI_lag3"                  
[66] "F_CP_lag1"                   "F_CP_lag2"                   "F_CP_lead1"                  "theta_lag1"                  "y_lag1"                     
[71] "y_lead1"                     "p_p_lag1"                    "p_a_lag1"                    "F_CP_above_3"                "F_CP_loans"                 
[76] "F_CP_guar"                   "F_CP_guar_lo"                "F_CP_guar_mid"               "F_CP_guar_hi"                "F_CP_adj_lo"                
[81] "F_CP_adj_mid"                "F_CP_adj_hi"                 "F_CP_guar_adj"               "F_DI_transfers"              "F_DI_demand"                
[86] "F_DI_tax"                    "F_H_supply"                  "F_H_infra"                   "F_DI_transfers_lag2"         "F_DI_demand_lag2"           
[91] "F_DI_tax_lag2"               "t_idx"                       "S_high"                      "S_y_lag"                     "S_FCP"                      
[96] "half_year"                   "debt_dR"                     "y_lag1_recession"            "F_CP_cum"                   
 [ reached 'max' / getOption("max.print") -- omitted 19 entries ]

t test of coefficients:

                                      Estimate Std. Error t value           Pr(>|t|)    
y_lag1                                0.233154   0.047772  4.8805 0.0000015708032921 ***
S_mean_tw                            -0.094673   0.012367 -7.6555 0.0000000000001667 ***
F_CP_above_flow_lag2                  0.285862   0.223055  1.2816           0.200788    
F_CP_belowstock                       0.216509   0.143944  1.5041           0.133395    
F_DI_lag1                             1.597601   0.561684  2.8443           0.004696 ** 
F_CP_above_flow_lag2:F_CP_belowstock  0.129677   0.060007  2.1610           0.031328 *  
S_mean_tw:F_DI_lag1                  -0.042793   0.014175 -3.0189           0.002712 ** 
---
Signif. codes:  0 ‘***’ 0.001 ‘**’ 0.01 ‘*’ 0.05 ‘.’ 0.1 ‘ ’ 1


=== Coefficient names (find exact interaction label) ===
[1] "y_lag1"                               "S_mean_tw"                            "F_CP_above_flow_lag2"                 "F_CP_belowstock"                     
[5] "F_DI_lag1"                            "F_CP_above_flow_lag2:F_CP_belowstock" "S_mean_tw:F_DI_lag1"                 

=== Full model (clustered) ===
OLS estimation, Dep. Var.: y_t_pct
Observations: 418
Subset: t_idx >= 4 & t_idx <= 14
Fixed-effects: Country: 38
Standard-errors: Clustered (Country) 
                                      Estimate Std. Error  t value       Pr(>|t|)    
y_lag1                                0.233154   0.048414  4.81580 0.000024886929 ***
S_mean_tw                            -0.094673   0.012533 -7.55398 0.000000005248 ***
F_CP_above_flow_lag2                  0.285862   0.226054  1.26457 0.213931739754    
F_CP_belowstock                       0.216509   0.145879  1.48417 0.146233234204    
F_DI_lag1                             1.597601   0.569235  2.80658 0.007940368084 ** 
F_CP_above_flow_lag2:F_CP_belowstock  0.129677   0.060814  2.13237 0.039678688761 *  
S_mean_tw:F_DI_lag1                  -0.042793   0.014366 -2.97882 0.005084965339 ** 
---
Signif. codes:  0 '***' 0.001 '**' 0.01 '*' 0.05 '.' 0.1 ' ' 1
RMSE: 2.82473     Adj. R2: 0.590935
                Within R2: 0.438991


############################################################
#  TEST 1: JOINT significance of the CP block             #
############################################################
Wald test, H0: joint nullity of F_CP_above_flow_lag2, F_CP_belowstock and F_CP_above_flow_lag2:F_CP_belowstock
 stat = 8.39046, p-value = 2.209e-4, on 3 and 37 DoF, VCOV: Clustered (Country).$stat
[1] 8.390463

$p
[1] 0.000220905

$df1
[1] 3

$df2
[1] 37

$vcov
[1] "Clustered (Country)"


  p < 0.05  -> CP bundle jointly significant; complementarity spec stands.
              Report the JOINT effect; do NOT interpret the individual
              (collinear) coefficients. Mirrors the DI-block logic.
  p >= 0.05 -> CP block not jointly identified at T=11; the output
              equation may be overspecified. Reconsider whether the
              interaction can be carried, or set above-the-line exogenous.


############################################################
#  TEST 2: interaction term alone                          #
############################################################
  Interaction coefficient name(s):  F_CP_above_flow_lag2:F_CP_belowstock 
Wald test, H0: nullity of F_CP_above_flow_lag2:F_CP_belowstock
 stat = 4.54699, p-value = 0.039679, on 1 and 37 DoF, VCOV: Clustered (Country).$stat
[1] 4.546994

$p
[1] 0.03967869

$df1
[1] 1

$df2
[1] 37

$vcov
[1] "Clustered (Country)"



############################################################
#  TEST 3: collinearity within the CP block                #
############################################################

=== Coefficient names (find exact interaction label) ===
[1] "y_lag1"                               "S_mean_tw"                            "F_CP_above_flow_lag2"                 "F_CP_belowstock"                     
[5] "F_DI_lag1"                            "F_CP_above_flow_lag2:F_CP_belowstock" "S_mean_tw:F_DI_lag1"                 

=== Full model (clustered) ===
OLS estimation, Dep. Var.: y_t_pct
Observations: 418
Subset: t_idx >= 4 & t_idx <= 14
Fixed-effects: Country: 38
Standard-errors: Clustered (Country) 
                                      Estimate Std. Error  t value       Pr(>|t|)    
y_lag1                                0.233154   0.048414  4.81580 0.000024886929 ***
S_mean_tw                            -0.094673   0.012533 -7.55398 0.000000005248 ***
F_CP_above_flow_lag2                  0.285862   0.226054  1.26457 0.213931739754    
F_CP_belowstock                       0.216509   0.145879  1.48417 0.146233234204    
F_DI_lag1                             1.597601   0.569235  2.80658 0.007940368084 ** 
F_CP_above_flow_lag2:F_CP_belowstock  0.129677   0.060814  2.13237 0.039678688761 *  
S_mean_tw:F_DI_lag1                  -0.042793   0.014366 -2.97882 0.005084965339 ** 
---
Signif. codes:  0 '***' 0.001 '**' 0.01 '*' 0.05 '.' 0.1 ' ' 1
RMSE: 2.82473     Adj. R2: 0.590935
                Within R2: 0.438991


############################################################
#  TEST 1: JOINT significance of the CP block             #
############################################################
Wald test, H0: joint nullity of F_CP_above_flow_lag2, F_CP_belowstock and F_CP_above_flow_lag2:F_CP_belowstock
 stat = 8.39046, p-value = 2.209e-4, on 3 and 37 DoF, VCOV: Clustered (Country).$stat
[1] 8.390463

$p
[1] 0.000220905

$df1
[1] 3

$df2
[1] 37

$vcov
[1] "Clustered (Country)"


  p < 0.05  -> CP bundle jointly significant; complementarity spec stands.
              Report the JOINT effect; do NOT interpret the individual
              (collinear) coefficients. Mirrors the DI-block logic.
  p >= 0.05 -> CP block not jointly identified at T=11; the output
              equation may be overspecified. Reconsider whether the
              interaction can be carried, or set above-the-line exogenous.


############################################################
#  TEST 2: interaction term alone                          #
############################################################
  Interaction coefficient name(s):  F_CP_above_flow_lag2:F_CP_belowstock 
Wald test, H0: nullity of F_CP_above_flow_lag2:F_CP_belowstock
 stat = 4.54699, p-value = 0.039679, on 1 and 37 DoF, VCOV: Clustered (Country).$stat
[1] 4.546994

$p
[1] 0.03967869

$df1
[1] 1

$df2
[1] 37

$vcov
[1] "Clustered (Country)"



############################################################
#  TEST 3: collinearity within the CP block                #
############################################################
  Pairwise correlations within CP block:
            above below above:below
above       1.000 0.117       0.709
below       0.117 1.000       0.419
above:below 0.709 0.419       1.000

  High |corr| (esp. below vs above:below, which share the below factor)
  is the mechanical reason the individual CP coefficients are imprecise,
  while their JOINT contribution (Test 1) can still be well identified.


############################################################
#  TEST 4: ALL fiscal terms jointly (CP + DI blocks)       #
############################################################
Wald test, H0: joint nullity of F_CP_above_flow_lag2, F_CP_belowstock, F_DI_lag1, F_CP_above_flow_lag2:F_CP_belowstock and S_mean_tw:F_DI_lag1
 stat = 7.70797, p-value = 4.768e-5, on 5 and 37 DoF, VCOV: Clustered (Country).$stat
[1] 7.707966

$p
[1] 0.00004767949

$df1
[1] 5

$df2
[1] 37

$vcov
[1] "Clustered (Country)"

  Significant -> the fiscal block as a whole identifies output effects,
  even where individual instruments are collinear.
\begin{table}[H]
\centering
\caption{Output Transition Estimates}
\label{tab:output_transition}
\scriptsize
\renewcommand{\arraystretch}{1.2}
\begin{tabular}{@{} l c c c c @{}}
\toprule
 & (1) & (2) & (3) & (4) \\
 & State/shock & Aggregate fiscal & Decomposed fiscal & Full baseline \\
 & only & support & channels & (preferred) \\
\midrule
\multicolumn{5}{@{}l}{\textit{Persistence channel:}} \\[2pt]
$y_{i,k-1}$ \,($\rho_y$) & $0.154***$ & $0.064$ & $0.221***$ & $0.231***$ \\
 & (0.043) & (0.046) & (0.052) & (0.050) \\[4pt]
\multicolumn{5}{@{}l}{\textit{Containment channel:}} \\[2pt]
$S_{ik}$ \,($\alpha_S$) & $-0.101***$ & $-0.087***$ & $-0.101***$ & $-0.095***$ \\
 & (0.011) & (0.010) & (0.011) & (0.013) \\[4pt]
\multicolumn{5}{@{}l}{\textit{Aggregate fiscal channel:}} \\[2pt]
$F^{\text{total}}_{i,k-1}$ &  & $-41.315***$ &  &  \\
 &  & (9.556) &  &  \\[4pt]
\multicolumn{5}{@{}l}{\textit{Capacity-preservation channels:}} \\[2pt]
$F^{CP,\,\text{above}}_{i,k-2}$ \, (flow) \,[$\alpha_{\text{above}}$] &  &  & $0.588***$ & $0.544***$ \\
 &  &  & (0.202) & (0.189) \\[4pt]
$K^{CP,\,\text{below}}_{ik}$ \, (stock) \,[$\alpha_{\text{below}}$] &  &  & $0.304**$ & $0.261*$ \\
 &  &  & (0.142) & (0.145) \\[4pt]
\multicolumn{5}{@{}l}{\textit{Demand-injection channels:}} \\[2pt]
$F^{DI}_{i,k-1}$ \,($\alpha_{DI}$) &  &  & $-0.615$ & $1.470**$ \\
 &  &  & (0.419) & (0.569) \\[4pt]
$F^{DI}_{i,k-1} \times S_{ik}$ \,($\alpha_{S\cdot DI}$) &  &  &  & $-0.041***$ \\
 &  &  &  & (0.014) \\[4pt]
\midrule
Country FE & $\checkmark$ & $\checkmark$ & $\checkmark$ & $\checkmark$ \\
Observations & 418 & 418 & 418 & 418 \\
$R^2$ (adj.) & 0.565 & 0.638 & 0.584 & 0.590 \\
Within $R^2$ & 0.395 & 0.498 & 0.426 & 0.436 \\
\bottomrule
\end{tabular}
\vspace{4pt}
\parbox{\textwidth}{\scriptsize\textit{Notes:} Dependent variable: output gap $y_{ik}$, measured in percentage points of potential GDP. Sample: 38 OECD countries over the pandemic estimation window $t \in [4,14]$. All specifications include country fixed effects. Standard errors clustered at the country level with small-sample correction are reported in parentheses. Column~(1) includes only the lagged output gap and containment intensity. Column~(2) adds aggregate fiscal support. Columns~(3) and~(4) decompose fiscal support by transmission channel. Column~(4) is the preferred specification used to parameterize the output transition in the planner problem. * $p<0.1$, ** $p<0.05$, *** $p<0.01$.}
\end{table}
========== delta = 0 ==========
OLS estimation, Dep. Var.: y_t_pct
Observations: 418
Subset: t_idx >= 4 & t_idx <= 14
Fixed-effects: Country: 38
Standard-errors: Clustered (Country) 
                      Estimate Std. Error  t value        Pr(>|t|)    
y_lag1                0.231078   0.049862  4.63431 0.0000433956326 ***
S_mean_tw            -0.095151   0.012547 -7.58335 0.0000000048028 ***
F_CP_above_flow_lag2  0.544156   0.188860  2.88126 0.0065553462555 ** 
F_CP_below_decay      0.261165   0.145119  1.79966 0.0800733206736 .  
F_DI_lag1             1.470488   0.568814  2.58518 0.0138093239771 *  
S_mean_tw:F_DI_lag1  -0.040576   0.014377 -2.82225 0.0076287585630 ** 
---
Signif. codes:  0 '***' 0.001 '**' 0.01 '*' 0.05 '.' 0.1 ' ' 1
RMSE: 2.8327     Adj. R2: 0.589722
               Within R2: 0.435819

========== delta = 0.05 ==========
OLS estimation, Dep. Var.: y_t_pct
Observations: 418
Subset: t_idx >= 4 & t_idx <= 14
Fixed-effects: Country: 38
Standard-errors: Clustered (Country) 
                      Estimate Std. Error   t value       Pr(>|t|)    
y_lag1                0.220274   0.051171  4.304658 0.000117805367 ***
S_mean_tw            -0.090258   0.012529 -7.203953 0.000000015187 ***
F_CP_above_flow_lag2  0.553578   0.194415  2.847397 0.007152699544 ** 
F_CP_below_decay     -0.071681   0.153856 -0.465897 0.644020143088    
F_DI_lag1             1.666294   0.589111  2.828489 0.007508003848 ** 
S_mean_tw:F_DI_lag1  -0.044153   0.014536 -3.037422 0.004357315919 ** 
---
Signif. codes:  0 '***' 0.001 '**' 0.01 '*' 0.05 '.' 0.1 ' ' 1
RMSE: 2.84217     Adj. R2: 0.586973
                Within R2: 0.432039

========== delta = 0.1 ==========
OLS estimation, Dep. Var.: y_t_pct
Observations: 418
Subset: t_idx >= 4 & t_idx <= 14
Fixed-effects: Country: 38
Standard-errors: Clustered (Country) 
                      Estimate Std. Error  t value       Pr(>|t|)    
y_lag1                0.202701   0.051014  3.97347 0.000315233818 ***
S_mean_tw            -0.081640   0.011941 -6.83702 0.000000046785 ***
F_CP_above_flow_lag2  0.555220   0.195806  2.83556 0.007373190693 ** 
F_CP_below_decay     -0.584546   0.189848 -3.07903 0.003901541662 ** 
F_DI_lag1             2.037598   0.636003  3.20375 0.002790390036 ** 
S_mean_tw:F_DI_lag1  -0.050246   0.014508 -3.46340 0.001364212342 ** 
---
Signif. codes:  0 '***' 0.001 '**' 0.01 '*' 0.05 '.' 0.1 ' ' 1
RMSE: 2.81797     Adj. R2: 0.593979
                Within R2: 0.441673

========== delta = 0.15 ==========
OLS estimation, Dep. Var.: y_t_pct
Observations: 418
Subset: t_idx >= 4 & t_idx <= 14
Fixed-effects: Country: 38
Standard-errors: Clustered (Country) 
                      Estimate Std. Error  t value      Pr(>|t|)    
y_lag1                0.190136   0.050010  3.80195 0.00051991246 ***
S_mean_tw            -0.075147   0.011483 -6.54429 0.00000011557 ***
F_CP_above_flow_lag2  0.545678   0.193140  2.82529 0.00756962523 ** 
F_CP_below_decay     -0.986938   0.246179 -4.00903 0.00028392869 ***
F_DI_lag1             2.333002   0.679605  3.43288 0.00148567139 ** 
S_mean_tw:F_DI_lag1  -0.054730   0.014415 -3.79675 0.00052780170 ***
---
Signif. codes:  0 '***' 0.001 '**' 0.01 '*' 0.05 '.' 0.1 ' ' 1
RMSE: 2.77254     Adj. R2: 0.606964
                Within R2: 0.459528

========== delta = 0.25 ==========
OLS estimation, Dep. Var.: y_t_pct
Observations: 418
Subset: t_idx >= 4 & t_idx <= 14
Fixed-effects: Country: 38
Standard-errors: Clustered (Country) 
                      Estimate Std. Error  t value      Pr(>|t|)    
y_lag1                0.185876   0.047972  3.87468 0.00042088976 ***
S_mean_tw            -0.071660   0.011061 -6.47845 0.00000014173 ***
F_CP_above_flow_lag2  0.515985   0.185561  2.78067 0.00848135602 ** 
F_CP_below_decay     -1.334887   0.289587 -4.60963 0.00004678927 ***
F_DI_lag1             2.503586   0.709223  3.53004 0.00113126867 ** 
S_mean_tw:F_DI_lag1  -0.056719   0.014206 -3.99271 0.00029789547 ***
---
Signif. codes:  0 '***' 0.001 '**' 0.01 '*' 0.05 '.' 0.1 ' ' 1
RMSE: 2.69435     Adj. R2: 0.628819
                Within R2: 0.489582

========== BELOW-STOCK SPLIT: loans-stock vs guarantees-stock ==========
                      V14 (aggregate be.. V14 (loans/guar s..
Dependent Var.:                   y_t_pct             y_t_pct
                                                             
y_lag1                 0.2311*** (0.0499)  0.2255*** (0.0503)
S_mean_tw             -0.0951*** (0.0126) -0.0944*** (0.0127)
F_CP_above_flow_lag2    0.5442** (0.1889)   0.5374** (0.1892)
F_CP_belowstock          0.2612. (0.1451)                    
F_DI_lag1                 1.470* (0.5688)     1.444* (0.5675)
S_mean_tw x F_DI_lag1  -0.0406** (0.0144)  -0.0403** (0.0144)
F_CP_loans_stock                             0.5645. (0.3095)
F_CP_guar_stock                               0.0043 (0.2782)
Fixed-Effects:        ------------------- -------------------
Country                               Yes                 Yes
_____________________ ___________________ ___________________
S.E.: Clustered               by: Country         by: Country
Observations                          418                 418
R2                                0.63203             0.63337
Within R2                         0.43582             0.43788
---
Signif. codes: 0 '***' 0.001 '**' 0.01 '*' 0.05 '.' 0.1 ' ' 1

Cor(loans_stock, guar_stock) = 0.232 

========== DI RELEVANCE (1) joint Wald ==========
Wald test, H0: joint nullity of F_DI_lag1 and S_mean_tw:F_DI_lag1
 stat = 4.23277, p-value = 0.022111, on 2 and 37 DoF, VCOV: Clustered (Country).$stat
[1] 4.232767

$p
[1] 0.02211106

$df1
[1] 2

$df2
[1] 37

$vcov
[1] "Clustered (Country)"


========== DI RELEVANCE (2) unconditional (no interaction) ==========
OLS estimation, Dep. Var.: y_t_pct
Observations: 418
Subset: t_idx >= 4 & t_idx <= 14
Fixed-effects: Country: 38
Standard-errors: Clustered (Country) 
                      Estimate Std. Error  t value        Pr(>|t|)    
y_lag1                0.221053   0.051881  4.26076 0.0001343875145 ***
S_mean_tw            -0.100796   0.011406 -8.83736 0.0000000001191 ***
F_CP_above_flow_lag2  0.588365   0.202189  2.90998 0.0060856313612 ** 
F_CP_belowstock       0.304245   0.142000  2.14256 0.0387943466767 *  
F_DI_lag1            -0.615156   0.419338 -1.46697 0.1508328633190    
---
Signif. codes:  0 '***' 0.001 '**' 0.01 '*' 0.05 '.' 0.1 ' ' 1
RMSE: 2.85684     Adj. R2: 0.583814
                Within R2: 0.426164

========== DI RELEVANCE (3) collinearity ==========
  corr(F_DI_lag1, F_DI_lag1:S) = 0.960 ; nonzero DI quarters: 158 of 418

========== DI RELEVANCE (4) marginal effect across stringency ==========
  zero-crossing S* = 36.2
  S=  0.0 : dY/dDI = +1.470  [+0.356, +2.585]
  S= 37.1 : dY/dDI = -0.034  [-0.800, +0.732]  (CI incl. 0)
  S= 63.7 : dY/dDI = -1.113  [-2.322, +0.095]  (CI incl. 0)
OLS estimation, Dep. Var.: y_t_pct
Observations: 418
Subset: t_idx >= 4 & t_idx <= 14
Fixed-effects: Country: 38,  year_only: 4
Standard-errors: Clustered (Country) 
                      Estimate Std. Error  t value        Pr(>|t|)    
y_lag1                0.171917   0.034674  4.95808 0.0000160558735 ***
S_mean_tw            -0.103861   0.013312 -7.80191 0.0000000024901 ***
F_CP_above_flow_lag2  0.728417   0.182256  3.99667 0.0002944494688 ***
F_CP_belowstock      -0.361404   0.142964 -2.52794 0.0158733959376 *  
F_DI_lag1             1.442931   0.521061  2.76922 0.0087313654429 ** 
S_mean_tw:F_DI_lag1  -0.034769   0.011351 -3.06306 0.0040708404441 ** 
---
Signif. codes:  0 '***' 0.001 '**' 0.01 '*' 0.05 '.' 0.1 ' ' 1
RMSE: 2.45389     Adj. R2: 0.689627
                Within R2: 0.357555
OLS estimation, Dep. Var.: y_t_pct
Observations: 418
Subset: t_idx >= 4 & t_idx <= 14
Fixed-effects: Country: 38
Standard-errors: Clustered (Country) 
                       Estimate Std. Error  t value        Pr(>|t|)    
y_lag1                 0.195677   0.039765  4.92078 0.0000180140798 ***
S_mean_tw             -0.088932   0.011985 -7.42001 0.0000000078712 ***
F_CP_above_flow_lag2   0.627604   0.188613  3.32746 0.0019899259735 ** 
F_CP_belowstock       -0.337758   0.143228 -2.35819 0.0237597830012 *  
F_DI_lag1              1.751491   0.554400  3.15925 0.0031469974404 ** 
as.numeric(year_only)  1.053434   0.201074  5.23904 0.0000067256128 ***
S_mean_tw:F_DI_lag1   -0.043073   0.013144 -3.27700 0.0022856657097 ** 
---
Signif. codes:  0 '***' 0.001 '**' 0.01 '*' 0.05 '.' 0.1 ' ' 1
RMSE: 2.73449     Adj. R2: 0.616653
                Within R2: 0.474261
OLS estimation, Dep. Var.: y_t_pct
Observations: 418
Subset: t_idx >= 4 & t_idx <= 14
Fixed-effects: Country: 38,  t_idx: 11
Standard-errors: Clustered (Country) 
                      Estimate Std. Error   t value        Pr(>|t|)    
y_lag1                0.454914   0.060172  7.560216 0.0000000051502 ***
S_mean_tw            -0.042665   0.012054 -3.539466 0.0011015756480 ** 
F_CP_above_flow_lag2  0.117405   0.146078  0.803714 0.4266956597519    
F_CP_belowstock       0.047587   0.102249  0.465405 0.6443689424056    
F_DI_lag1            -0.224959   0.488754 -0.460270 0.6480161152071    
S_mean_tw:F_DI_lag1   0.003497   0.009481  0.368816 0.7143667263758    
---
Signif. codes:  0 '***' 0.001 '**' 0.01 '*' 0.05 '.' 0.1 ' ' 1
RMSE: 1.68963     Adj. R2: 0.850021
                Within R2: 0.281627
OLS estimation, Dep. Var.: y_t_pct
Observations: 380
Subset: t_idx >= 5 & t_idx <= 14
Fixed-effects: Country: 38
Standard-errors: Clustered (Country) 
                      Estimate Std. Error  t value        Pr(>|t|)    
y_lag1                0.142356   0.035031  4.06373 0.0002415987436 ***
S_mean_tw            -0.063155   0.012733 -4.95975 0.0000159732595 ***
F_CP_above_flow_lag2  0.530500   0.168090  3.15604 0.0031743159826 ** 
F_CP_belowstock      -0.679279   0.183844 -3.69487 0.0007078758957 ***
F_DI_lag1             2.202609   0.538005  4.09403 0.0002208703663 ***
as.numeric(t_idx)     0.495178   0.062426  7.93222 0.0000000016872 ***
S_mean_tw:F_DI_lag1  -0.051938   0.012210 -4.25392 0.0001371653516 ***
---
Signif. codes:  0 '***' 0.001 '**' 0.01 '*' 0.05 '.' 0.1 ' ' 1
RMSE: 2.66342     Adj. R2: 0.645679
                Within R2: 0.477111

========== VIF: V14 MAIN SPEC ==========
              y_lag1            S_mean_tw F_CP_above_flow_lag2      F_CP_belowstock            F_DI_lag1  S_mean_tw:F_DI_lag1 
            1.357524             1.297734             1.234507             1.085656            14.116283            14.416017 

========== Pairwise correlations ==========
                     y_lag1 S_mean_tw F_CP_above_flow_lag2 F_CP_belowstock F_DI_lag1
y_lag1                1.000    -0.336               -0.417          -0.208    -0.144
S_mean_tw            -0.336     1.000                0.185           0.201     0.219
F_CP_above_flow_lag2 -0.417     0.185                1.000           0.117     0.094
F_CP_belowstock      -0.208     0.201                0.117           1.000     0.094
F_DI_lag1            -0.144     0.219                0.094           0.094     1.000

========== DCDH: Above-Flow ==========

Under the common trends assumption,
the TWFE coefficient beta, equal to 0.1187, estimates the sum of several terms.

The first term is a weighted sum of 220 ATTs.
112 ATTs receive a positive weight, and 108 receive a negative weight.

───────────────────────────────────────────────────── 
Treat. var: F_CP_above_flow_lag2    ATTs    Σ weights 
───────────────────────────────────────────────────── 
Positive weights                     112       1.0865 
Negative weights                     108      -0.0865 
───────────────────────────────────────────────────── 
Total                                220            1 
─────────────────────────────────────────────────────

The next term is a weighted sum of 374 ATTs.
167 ATTs receive a positive weight, and 207 receive a negative weight.

────────────────────────────────────────────────── 
Other treat.: F_CP_belowstock    ATTs    Σ weights 
────────────────────────────────────────────────── 
Positive weights                  167       0.8672 
Negative weights                  207      -0.8672 
────────────────────────────────────────────────── 
Total                             374            0 
──────────────────────────────────────────────────

The next term is a weighted sum of 375 ATTs.
167 ATTs receive a positive weight, and 208 receive a negative weight.

──────────────────────────────────────────── 
Other treat.: S_mean_tw    ATTs    Σ weights 
──────────────────────────────────────────── 
Positive weights            167      16.5093 
Negative weights            208     -16.5093 
──────────────────────────────────────────── 
Total                       375            0 
────────────────────────────────────────────

The next term is a weighted sum of 158 ATTs.
77 ATTs receive a positive weight, and 81 receive a negative weight.

──────────────────────────────────────────── 
Other treat.: F_DI_lag1    ATTs    Σ weights 
──────────────────────────────────────────── 
Positive weights             77       0.1274 
Negative weights             81      -0.1274 
──────────────────────────────────────────── 
Total                       158            0 
────────────────────────────────────────────

Summary Measures:
  TWFE Coefficient (β_fe): 0.1187

The development of this package was funded by the European Union (ERC, REALLYCREDIBLE,GA N. 101043899).


========== DCDH: Below-Stock ==========

Under the common trends assumption,
the TWFE coefficient beta, equal to 0.0455, estimates the sum of several terms.

The first term is a weighted sum of 374 ATTs.
153 ATTs receive a positive weight, and 221 receive a negative weight.

──────────────────────────────────────────────── 
Treat. var: F_CP_belowstock    ATTs    Σ weights 
──────────────────────────────────────────────── 
Positive weights                153       1.2683 
Negative weights                221      -0.2683 
──────────────────────────────────────────────── 
Total                           374            1 
────────────────────────────────────────────────

The next term is a weighted sum of 220 ATTs.
81 ATTs receive a positive weight, and 139 receive a negative weight.

─────────────────────────────────────────────────────── 
Other treat.: F_CP_above_flow_lag2    ATTs    Σ weights 
─────────────────────────────────────────────────────── 
Positive weights                        81       0.1211 
Negative weights                       139      -0.1211 
─────────────────────────────────────────────────────── 
Total                                  220            0 
───────────────────────────────────────────────────────

The next term is a weighted sum of 375 ATTs.
154 ATTs receive a positive weight, and 221 receive a negative weight.

──────────────────────────────────────────── 
Other treat.: S_mean_tw    ATTs    Σ weights 
──────────────────────────────────────────── 
Positive weights            154      12.0868 
Negative weights            221     -12.0868 
──────────────────────────────────────────── 
Total                       375            0 
────────────────────────────────────────────

The next term is a weighted sum of 158 ATTs.
61 ATTs receive a positive weight, and 97 receive a negative weight.

──────────────────────────────────────────── 
Other treat.: F_DI_lag1    ATTs    Σ weights 
──────────────────────────────────────────── 
Positive weights             61       0.0753 
Negative weights             97      -0.0753 
──────────────────────────────────────────── 
Total                       158            0 
────────────────────────────────────────────

Summary Measures:
  TWFE Coefficient (β_fe): 0.0455

The development of this package was funded by the European Union (ERC, REALLYCREDIBLE,GA N. 101043899).


========== DCDH: Stringency ==========

Under the common trends assumption,
the TWFE coefficient beta, equal to -0.0416, estimates the sum of several terms.

The first term is a weighted sum of 375 ATTs.
182 ATTs receive a positive weight, and 193 receive a negative weight.

────────────────────────────────────────── 
Treat. var: S_mean_tw    ATTs    Σ weights 
────────────────────────────────────────── 
Positive weights          182       2.2248 
Negative weights          193      -1.2248 
────────────────────────────────────────── 
Total                     375            1 
──────────────────────────────────────────

The next term is a weighted sum of 220 ATTs.
96 ATTs receive a positive weight, and 124 receive a negative weight.

─────────────────────────────────────────────────────── 
Other treat.: F_CP_above_flow_lag2    ATTs    Σ weights 
─────────────────────────────────────────────────────── 
Positive weights                        96       0.0208 
Negative weights                       124      -0.0208 
─────────────────────────────────────────────────────── 
Total                                  220            0 
───────────────────────────────────────────────────────

The next term is a weighted sum of 374 ATTs.
179 ATTs receive a positive weight, and 195 receive a negative weight.

────────────────────────────────────────────────── 
Other treat.: F_CP_belowstock    ATTs    Σ weights 
────────────────────────────────────────────────── 
Positive weights                  179       0.0905 
Negative weights                  195      -0.0905 
────────────────────────────────────────────────── 
Total                             374            0 
──────────────────────────────────────────────────

The next term is a weighted sum of 158 ATTs.
81 ATTs receive a positive weight, and 77 receive a negative weight.

──────────────────────────────────────────── 
Other treat.: F_DI_lag1    ATTs    Σ weights 
──────────────────────────────────────────── 
Positive weights             81       0.0126 
Negative weights             77      -0.0126 
──────────────────────────────────────────── 
Total                       158            0 
────────────────────────────────────────────

Summary Measures:
  TWFE Coefficient (β_fe): -0.0416

The development of this package was funded by the European Union (ERC, REALLYCREDIBLE,GA N. 101043899).


========== DCDH: DI ==========

Under the common trends assumption,
the TWFE coefficient beta, equal to -0.0434, estimates the sum of several terms.

The first term is a weighted sum of 158 ATTs.
71 ATTs receive a positive weight, and 87 receive a negative weight.

────────────────────────────────────────── 
Treat. var: F_DI_lag1    ATTs    Σ weights 
────────────────────────────────────────── 
Positive weights           71       1.0269 
Negative weights           87      -0.0269 
────────────────────────────────────────── 
Total                     158            1 
──────────────────────────────────────────

The next term is a weighted sum of 220 ATTs.
80 ATTs receive a positive weight, and 140 receive a negative weight.

─────────────────────────────────────────────────────── 
Other treat.: F_CP_above_flow_lag2    ATTs    Σ weights 
─────────────────────────────────────────────────────── 
Positive weights                        80       0.2521 
Negative weights                       140      -0.2521 
─────────────────────────────────────────────────────── 
Total                                  220            0 
───────────────────────────────────────────────────────

The next term is a weighted sum of 374 ATTs.
155 ATTs receive a positive weight, and 219 receive a negative weight.

────────────────────────────────────────────────── 
Other treat.: F_CP_belowstock    ATTs    Σ weights 
────────────────────────────────────────────────── 
Positive weights                  155       1.0025 
Negative weights                  219      -1.0025 
────────────────────────────────────────────────── 
Total                             374            0 
──────────────────────────────────────────────────

The next term is a weighted sum of 375 ATTs.
155 ATTs receive a positive weight, and 220 receive a negative weight.

──────────────────────────────────────────── 
Other treat.: S_mean_tw    ATTs    Σ weights 
──────────────────────────────────────────── 
Positive weights            155      20.0399 
Negative weights            220     -20.0399 
──────────────────────────────────────────── 
Total                       375            0 
────────────────────────────────────────────

Summary Measures:
  TWFE Coefficient (β_fe): -0.0434

The development of this package was funded by the European Union (ERC, REALLYCREDIBLE,GA N. 101043899).


========== SAMPLE: t_idx >= 5 ==========
OLS estimation, Dep. Var.: y_t_pct
Observations: 380
Subset: t_idx >= 5 & t_idx <= 14
Fixed-effects: Country: 38
Standard-errors: Clustered (Country) 
                      Estimate Std. Error  t value        Pr(>|t|)    
y_lag1                0.180200   0.047005  3.83364 0.0004742601903 ***
S_mean_tw            -0.102696   0.013794 -7.44523 0.0000000072921 ***
F_CP_above_flow_lag2  0.461538   0.181435  2.54382 0.0152738819546 *  
F_CP_belowstock       0.270056   0.233935  1.15441 0.2557354216983    
F_DI_lag1             1.385575   0.546727  2.53431 0.0156304296489 *  
S_mean_tw:F_DI_lag1  -0.040086   0.014264 -2.81030 0.0078653080471 ** 
---
Signif. codes:  0 '***' 0.001 '**' 0.01 '*' 0.05 '.' 0.1 ' ' 1
RMSE: 2.85044     Adj. R2: 0.595378
                Within R2: 0.401097

========== SAMPLE: t_idx >= 6 ==========
OLS estimation, Dep. Var.: y_t_pct
Observations: 342
Subset: t_idx >= 6 & t_idx <= 14
Fixed-effects: Country: 38
Standard-errors: Clustered (Country) 
                      Estimate Std. Error  t value       Pr(>|t|)    
y_lag1                0.086203   0.050330  1.71275 0.095127328737 .  
S_mean_tw            -0.096227   0.013345 -7.21091 0.000000014868 ***
F_CP_above_flow_lag2  0.356416   0.180240  1.97745 0.055475962580 .  
F_CP_belowstock       5.873482   1.501939  3.91060 0.000378996755 ***
F_DI_lag1             1.462538   0.562931  2.59808 0.013379842307 *  
S_mean_tw:F_DI_lag1  -0.038952   0.013218 -2.94684 0.005528927580 ** 
---
Signif. codes:  0 '***' 0.001 '**' 0.01 '*' 0.05 '.' 0.1 ' ' 1
RMSE: 2.74298     Adj. R2: 0.648369
                Within R2: 0.474581

========== SAMPLE: t_idx <= 13 ==========
OLS estimation, Dep. Var.: y_t_pct
Observations: 380
Subset: t_idx >= 4 & t_idx <= 13
Fixed-effects: Country: 38
Standard-errors: Clustered (Country) 
                      Estimate Std. Error  t value       Pr(>|t|)    
y_lag1                0.198989   0.054434  3.65557 0.000792163131 ***
S_mean_tw            -0.112513   0.015660 -7.18497 0.000000016093 ***
F_CP_above_flow_lag2  0.476801   0.189587  2.51495 0.016379350519 *  
F_CP_belowstock       0.430773   0.181886  2.36837 0.023201771487 *  
F_DI_lag1             0.965621   0.576005  1.67641 0.102088580499    
S_mean_tw:F_DI_lag1  -0.030733   0.014784 -2.07879 0.044625342197 *  
---
Signif. codes:  0 '***' 0.001 '**' 0.01 '*' 0.05 '.' 0.1 ' ' 1
RMSE: 2.87512     Adj. R2: 0.580574
                Within R2: 0.436199

========== ALT: S_max_tw (peak stringency) ==========
OLS estimation, Dep. Var.: y_t_pct
Observations: 418
Subset: t_idx >= 4 & t_idx <= 14
Fixed-effects: Country: 38
Standard-errors: Clustered (Country) 
                      Estimate Std. Error   t value          Pr(>|t|)    
y_lag1                0.313235   0.036082  8.681136 0.000000000186891 ***
S_max_tw             -0.065461   0.007240 -9.041304 0.000000000066437 ***
F_CP_above_flow_lag2  0.550194   0.196021  2.806813 0.007935555952350 ** 
F_CP_belowstock       0.111927   0.118737  0.942651 0.351974055232353    
F_DI_lag1             2.269573   0.781206  2.905216 0.006161275134231 ** 
S_max_tw:F_DI_lag1   -0.051719   0.012055 -4.290268 0.000123006515131 ***
---
Signif. codes:  0 '***' 0.001 '**' 0.01 '*' 0.05 '.' 0.1 ' ' 1
RMSE: 2.87052     Adj. R2: 0.578695
                Within R2: 0.420655

========== ALT: mob_transit (revealed mobility) ==========
OLS estimation, Dep. Var.: y_t_pct
Observations: 370
Subset: t_idx >= 4 & t_idx <= 14
Fixed-effects: Country: 37
Standard-errors: Clustered (Country) 
                       Estimate Std. Error  t value       Pr(>|t|)    
y_lag1                 0.131534   0.031289  4.20389 0.000165578705 ***
F_CP_above_flow_lag2   0.295495   0.159135  1.85688 0.071525871521 .  
F_CP_belowstock       -0.692519   0.214590 -3.22717 0.002664577326 ** 
F_DI_lag1              2.113797   0.707503  2.98768 0.005036758354 ** 
mob_transit            0.101833   0.013957  7.29639 0.000000013462 ***
as.numeric(t_idx)      0.449075   0.056427  7.95849 0.000000001895 ***
F_DI_lag1:mob_transit  0.078159   0.020189  3.87141 0.000438005329 ***
---
Signif. codes:  0 '***' 0.001 '**' 0.01 '*' 0.05 '.' 0.1 ' ' 1
RMSE: 2.39471     Adj. R2: 0.708213
                Within R2: 0.581984
OLS estimation, Dep. Var.: y_t_pct
Observations: 418
Fixed-effects: Country: 38
Standard-errors: Clustered (Country) 
                      Estimate Std. Error  t value        Pr(>|t|)    
y_lag1                0.231078   0.049862  4.63431 0.0000433956326 ***
S_mean_tw            -0.095151   0.012547 -7.58335 0.0000000048028 ***
F_CP_above_flow_lag2  0.544156   0.188860  2.88126 0.0065553462555 ** 
F_CP_belowstock       0.261165   0.145119  1.79966 0.0800733206736 .  
F_DI_lag1             1.470488   0.568814  2.58518 0.0138093239771 *  
DI_S                 -0.040576   0.014377 -2.82225 0.0076287585630 ** 
---
Signif. codes:  0 '***' 0.001 '**' 0.01 '*' 0.05 '.' 0.1 ' ' 1
RMSE: 2.8327     Adj. R2: 0.589722
               Within R2: 0.435819

========== Wild-Cluster Bootstrap: F_CP_above_flow_lag2 ==========
boottest.fixest(object = v14_boot, param = p, B = 99999, clustid = c("Country"), 
    type = "rademacher", impose_null = TRUE, p_val_type = "two-tailed")
	
 Hypothesis: 1*F_CP_above_flow_lag2 = 0
 Observations: 418
  Bootstr. Type: rademacher
 Clustering: 1-way
 Confidence Sets: 95%
 Number of Clusters: 38
 
                        term estimate statistic p.value conf.low conf.high
1 1*F_CP_above_flow_lag2 = 0    0.544     2.885   0.008    0.126     0.995

========== Wild-Cluster Bootstrap: F_CP_belowstock ==========
boottest.fixest(object = v14_boot, param = p, B = 99999, clustid = c("Country"), 
    type = "rademacher", impose_null = TRUE, p_val_type = "two-tailed")
	
 Hypothesis: 1*F_CP_belowstock = 0
 Observations: 418
  Bootstr. Type: rademacher
 Clustering: 1-way
 Confidence Sets: 95%
 Number of Clusters: 38
 
                   term estimate statistic p.value conf.low conf.high
1 1*F_CP_belowstock = 0    0.261     1.802   0.058    -0.01       0.7

========== Wild-Cluster Bootstrap: F_DI_lag1 ==========
boottest.fixest(object = v14_boot, param = p, B = 99999, clustid = c("Country"), 
    type = "rademacher", impose_null = TRUE, p_val_type = "two-tailed")
	
 Hypothesis: 1*F_DI_lag1 = 0
 Observations: 418
  Bootstr. Type: rademacher
 Clustering: 1-way
 Confidence Sets: 95%
 Number of Clusters: 38
 
             term estimate statistic p.value conf.low conf.high
1 1*F_DI_lag1 = 0     1.47     2.588   0.012    0.365     2.895

========== Wild-Cluster Bootstrap: DI_S ==========
boottest.fixest(object = v14_boot, param = p, B = 99999, clustid = c("Country"), 
    type = "rademacher", impose_null = TRUE, p_val_type = "two-tailed")
	
 Hypothesis: 1*DI_S = 0
 Observations: 418
  Bootstr. Type: rademacher
 Clustering: 1-way
 Confidence Sets: 95%
 Number of Clusters: 38
 
        term estimate statistic p.value conf.low conf.high
1 1*DI_S = 0   -0.041    -2.826   0.059   -0.073     0.002

========== Wild-Cluster Bootstrap: S_mean_tw ==========
boottest.fixest(object = v14_boot, param = p, B = 99999, clustid = c("Country"), 
    type = "rademacher", impose_null = TRUE, p_val_type = "two-tailed")
	
 Hypothesis: 1*S_mean_tw = 0
 Observations: 418
  Bootstr. Type: rademacher
 Clustering: 1-way
 Confidence Sets: 95%
 Number of Clusters: 38
 
             term estimate statistic p.value conf.low conf.high
1 1*S_mean_tw = 0   -0.095    -7.593       0   -0.122    -0.069

========== Wild-Cluster Bootstrap: y_lag1 ==========
boottest.fixest(object = v14_boot, param = p, B = 99999, clustid = c("Country"), 
    type = "rademacher", impose_null = TRUE, p_val_type = "two-tailed")
	
 Hypothesis: 1*y_lag1 = 0
 Observations: 418
  Bootstr. Type: rademacher
 Clustering: 1-way
 Confidence Sets: 95%
 Number of Clusters: 38
 
          term estimate statistic p.value conf.low conf.high
1 1*y_lag1 = 0    0.231      4.64       0     0.12     0.339
summclust.fixest(obj = v14_boot, cluster = ~Country, params = "F_CP_above_flow_lag2")
 
Number of observations: 11 11 11 11 11 11 11 11 11 11 11 11 11 11 11 11 11 11 11 11 11 11 11 11 11 11 11 11 11 11 11 11 11 11 11 11 11 11 
Number of clusters: 7 
 
                          coef    tstat        se     p_val conf_int_l conf_int_u
F_CP_above_flow_lag2 0.5441559 2.480112 0.2194078 0.0178102 0.09959344  0.9887184
 
        N_G   leverage partial-leverage-F_CP_above_flow_lag2 beta-F_CP_above_flow_lag2
Min.     11 0.04472080                           0.001623917                0.48712698
1st Qu.  11 0.09423596                           0.006618421                0.52779387
Median   11 0.11023293                           0.014540676                0.54225691
Mean     11 0.15789474                           0.026315789                0.54491036
3rd Qu.  11 0.16947097                           0.029904226                0.55022969
Max.     11 0.53718493                           0.207155593                0.73295067
coefvar   0 0.75023249                           1.427636678                0.06706904
$residual_leverage

$coef_leverage

$coef_beta


--- Loans 40 % | Guar 25 % ---
OLS estimation, Dep. Var.: y_t_pct
Observations: 418
Subset: t_idx >= 4 & t_idx <= 14
Fixed-effects: Country: 38
Standard-errors: Clustered (Country) 
                      Estimate Std. Error  t value        Pr(>|t|)    
y_lag1                0.231078   0.049862  4.63431 0.0000433956326 ***
S_mean_tw            -0.095151   0.012547 -7.58335 0.0000000048028 ***
F_CP_above_flow_lag2  0.544156   0.188860  2.88126 0.0065553462555 ** 
stock_tmp             0.261165   0.145119  1.79966 0.0800733206736 .  
F_DI_lag1             1.470488   0.568814  2.58518 0.0138093239771 *  
S_mean_tw:F_DI_lag1  -0.040576   0.014377 -2.82225 0.0076287585630 ** 
---
Signif. codes:  0 '***' 0.001 '**' 0.01 '*' 0.05 '.' 0.1 ' ' 1
RMSE: 2.8327     Adj. R2: 0.589722
               Within R2: 0.435819

--- Loans 60 % | Guar 25 % ---
OLS estimation, Dep. Var.: y_t_pct
Observations: 418
Subset: t_idx >= 4 & t_idx <= 14
Fixed-effects: Country: 38
Standard-errors: Clustered (Country) 
                      Estimate Std. Error  t value        Pr(>|t|)    
y_lag1                0.230584   0.049667  4.64259 0.0000423117460 ***
S_mean_tw            -0.095283   0.012443 -7.65739 0.0000000038426 ***
F_CP_above_flow_lag2  0.542144   0.188491  2.87623 0.0066410032501 ** 
stock_tmp             0.229093   0.117730  1.94591 0.0592907144569 .  
F_DI_lag1             1.453601   0.566198  2.56730 0.0144259853196 *  
S_mean_tw:F_DI_lag1  -0.040297   0.014312 -2.81567 0.0077582221807 ** 
---
Signif. codes:  0 '***' 0.001 '**' 0.01 '*' 0.05 '.' 0.1 ' ' 1
RMSE: 2.83086     Adj. R2: 0.590254
                Within R2: 0.43655 

--- Loans 80 % | Guar 25 % ---
OLS estimation, Dep. Var.: y_t_pct
Observations: 418
Subset: t_idx >= 4 & t_idx <= 14
Fixed-effects: Country: 38
Standard-errors: Clustered (Country) 
                      Estimate Std. Error  t value        Pr(>|t|)    
y_lag1                0.229987   0.049549  4.64157 0.0000424435362 ***
S_mean_tw            -0.095274   0.012364 -7.70604 0.0000000033197 ***
F_CP_above_flow_lag2  0.540904   0.188346  2.87187 0.0067161625529 ** 
stock_tmp             0.198256   0.099517  1.99218 0.0537685056453 .  
F_DI_lag1             1.445447   0.564925  2.55865 0.0147331138991 *  
S_mean_tw:F_DI_lag1  -0.040171   0.014270 -2.81515 0.0077684061974 ** 
---
Signif. codes:  0 '***' 0.001 '**' 0.01 '*' 0.05 '.' 0.1 ' ' 1
RMSE: 2.8298     Adj. R2: 0.590561
               Within R2: 0.436972

--- Loans 40 % | Guar 35 % ---
OLS estimation, Dep. Var.: y_t_pct
Observations: 418
Subset: t_idx >= 4 & t_idx <= 14
Fixed-effects: Country: 38
Standard-errors: Clustered (Country) 
                      Estimate Std. Error  t value        Pr(>|t|)    
y_lag1                0.231103   0.050041  4.61829 0.0000455694389 ***
S_mean_tw            -0.094921   0.012619 -7.52183 0.0000000057832 ***
F_CP_above_flow_lag2  0.545832   0.189273  2.88384 0.0065118478638 ** 
stock_tmp             0.195207   0.120307  1.62258 0.1131715321275    
F_DI_lag1             1.487509   0.571160  2.60436 0.0131748970156 *  
S_mean_tw:F_DI_lag1  -0.040868   0.014427 -2.83282 0.0074252144792 ** 
---
Signif. codes:  0 '***' 0.001 '**' 0.01 '*' 0.05 '.' 0.1 ' ' 1
RMSE: 2.83432     Adj. R2: 0.589252
                Within R2: 0.435173

--- Loans 60 % | Guar 35 % ---
OLS estimation, Dep. Var.: y_t_pct
Observations: 418
Subset: t_idx >= 4 & t_idx <= 14
Fixed-effects: Country: 38
Standard-errors: Clustered (Country) 
                      Estimate Std. Error  t value        Pr(>|t|)    
y_lag1                0.231029   0.049827  4.63661 0.0000430920999 ***
S_mean_tw            -0.095185   0.012531 -7.59618 0.0000000046207 ***
F_CP_above_flow_lag2  0.543804   0.188786  2.88054 0.0065675899209 ** 
stock_tmp             0.183554   0.100246  1.83105 0.0751559620559 .  
F_DI_lag1             1.467244   0.568329  2.58168 0.0139281564354 *  
S_mean_tw:F_DI_lag1  -0.040521   0.014366 -2.82062 0.0076606003272 ** 
---
Signif. codes:  0 '***' 0.001 '**' 0.01 '*' 0.05 '.' 0.1 ' ' 1
RMSE: 2.83237     Adj. R2: 0.589818
                Within R2: 0.435951

--- Loans 80 % | Guar 35 % ---
OLS estimation, Dep. Var.: y_t_pct
Observations: 418
Subset: t_idx >= 4 & t_idx <= 14
Fixed-effects: Country: 38
Standard-errors: Clustered (Country) 
                      Estimate Std. Error  t value        Pr(>|t|)    
y_lag1                0.230669   0.049689  4.64225 0.0000423564914 ***
S_mean_tw            -0.095276   0.012456 -7.64874 0.0000000039439 ***
F_CP_above_flow_lag2  0.542374   0.188526  2.87692 0.0066291515848 ** 
stock_tmp             0.167005   0.086375  1.93348 0.0608551717410 .  
F_DI_lag1             1.455320   0.566472  2.56910 0.0143629271059 *  
S_mean_tw:F_DI_lag1  -0.040324   0.014319 -2.81608 0.0077500718086 ** 
---
Signif. codes:  0 '***' 0.001 '**' 0.01 '*' 0.05 '.' 0.1 ' ' 1
RMSE: 2.83107     Adj. R2: 0.590195
                Within R2: 0.43647 

--- Loans 40 % | Guar 50 % ---
OLS estimation, Dep. Var.: y_t_pct
Observations: 418
Subset: t_idx >= 4 & t_idx <= 14
Fixed-effects: Country: 38
Standard-errors: Clustered (Country) 
                      Estimate Std. Error  t value        Pr(>|t|)    
y_lag1                0.230813   0.050228  4.59530 0.0000488794529 ***
S_mean_tw            -0.094612   0.012677 -7.46311 0.0000000069076 ***
F_CP_above_flow_lag2  0.547383   0.189743  2.88487 0.0064944589748 ** 
stock_tmp             0.136350   0.095653  1.42546 0.1624062251106    
F_DI_lag1             1.505664   0.573256  2.62651 0.0124756502189 *  
S_mean_tw:F_DI_lag1  -0.041188   0.014466 -2.84718 0.0071566063674 ** 
---
Signif. codes:  0 '***' 0.001 '**' 0.01 '*' 0.05 '.' 0.1 ' ' 1
RMSE: 2.8359     Adj. R2: 0.588796
               Within R2: 0.434545

--- Loans 60 % | Guar 50 % ---
OLS estimation, Dep. Var.: y_t_pct
Observations: 418
Subset: t_idx >= 4 & t_idx <= 14
Fixed-effects: Country: 38
Standard-errors: Clustered (Country) 
                      Estimate Std. Error  t value        Pr(>|t|)    
y_lag1                0.231120   0.050015  4.62105 0.0000451874240 ***
S_mean_tw            -0.094959   0.012610 -7.53052 0.0000000056334 ***
F_CP_above_flow_lag2  0.545598   0.189210  2.88356 0.0065164531947 ** 
stock_tmp             0.136185   0.082547  1.64978 0.1074531882999    
F_DI_lag1             1.484974   0.570834  2.60141 0.0132707060595 *  
S_mean_tw:F_DI_lag1  -0.040824   0.014420 -2.83105 0.0074588796379 ** 
---
Signif. codes:  0 '***' 0.001 '**' 0.01 '*' 0.05 '.' 0.1 ' ' 1
RMSE: 2.83409     Adj. R2: 0.58932 
                Within R2: 0.435266

--- Loans 80 % | Guar 50 % ---
OLS estimation, Dep. Var.: y_t_pct
Observations: 418
Subset: t_idx >= 4 & t_idx <= 14
Fixed-effects: Country: 38
Standard-errors: Clustered (Country) 
                      Estimate Std. Error  t value        Pr(>|t|)    
y_lag1                0.231078   0.049862  4.63431 0.0000433956326 ***
S_mean_tw            -0.095151   0.012547 -7.58335 0.0000000048028 ***
F_CP_above_flow_lag2  0.544156   0.188860  2.88126 0.0065553462555 ** 
stock_tmp             0.130582   0.072559  1.79966 0.0800733206736 .  
F_DI_lag1             1.470488   0.568814  2.58518 0.0138093239771 *  
S_mean_tw:F_DI_lag1  -0.040576   0.014377 -2.82225 0.0076287585630 ** 
---
Signif. codes:  0 '***' 0.001 '**' 0.01 '*' 0.05 '.' 0.1 ' ' 1
RMSE: 2.8327     Adj. R2: 0.589722
               Within R2: 0.435819

========== V14 EXCLUDING TUR + IRL ==========
OLS estimation, Dep. Var.: y_t_pct
Observations: 396
Subset: t_idx >= 4 & t_idx <= 14 & !Country %in% c("TUR", "IRL")
Fixed-effects: Country: 36
Standard-errors: Clustered (Country) 
                      Estimate Std. Error  t value       Pr(>|t|)    
y_lag1                0.184828   0.044441  4.15892 0.000196655319 ***
S_mean_tw            -0.103110   0.011629 -8.86643 0.000000000179 ***
F_CP_above_flow_lag2  0.450280   0.170275  2.64443 0.012166731373 *  
F_CP_belowstock       0.230696   0.147074  1.56857 0.125745735353    
F_DI_lag1             1.204592   0.595182  2.02391 0.050666123110 .  
S_mean_tw:F_DI_lag1  -0.034560   0.016340 -2.11506 0.041616966066 *  
---
Signif. codes:  0 '***' 0.001 '**' 0.01 '*' 0.05 '.' 0.1 ' ' 1
RMSE: 2.73241     Adj. R2: 0.543004
                Within R2: 0.449962
OLS estimation, Dep. Var.: y_t_pct
Observations: 418
Standard-errors: Clustered (Country) 
             Estimate Std. Error   t value        Pr(>|t|)    
(Intercept) -0.481937   0.247049 -1.950770 0.0586889689108 .  
y_lag1_w     0.231078   0.050230  4.600357 0.0000481313253 ***
S_w         -0.095151   0.012640 -7.527798 0.0000000056799 ***
above_w      0.544156   0.190254  2.860151 0.0069219821659 ** 
below_w      0.261165   0.146190  1.786476 0.0822187617489 .  
DI_w         1.470488   0.573012  2.566243 0.0144632072918 *  
DI_S_w      -0.040576   0.014483 -2.801576 0.0080421921132 ** 
y_lag1_b     1.085030   0.021016 51.628598       < 2.2e-16 ***
S_b          0.020172   0.007345  2.746275 0.0092527803542 ** 
above_b     -0.132627   0.114802 -1.155265 0.2553882644909    
below_b     -0.017489   0.019796 -0.883477 0.3826830333726    
DI_b        -0.162369   0.473136 -0.343176 0.7334081559265    
DI_S_b       0.004710   0.008944  0.526633 0.6015918902427    
---
Signif. codes:  0 '***' 0.001 '**' 0.01 '*' 0.05 '.' 0.1 ' ' 1
RMSE: 2.83914   Adj. R2: 0.619401

Linear hypothesis test:
above_w - above_b = 0
below_w - below_b = 0
DI_w - DI_b = 0
DI_S_w - DI_S_b = 0

Model 1: restricted model
Model 2: y_t_pct ~ y_lag1_w + S_w + above_w + below_w + DI_w + DI_S_w + 
    y_lag1_b + S_b + above_b + below_b + DI_b + DI_S_b

Note: Coefficient covariance matrix supplied.

  Res.Df Df  Chisq Pr(>Chisq)    
1    409                         
2    405  4 25.684 0.00003664 ***
---
Signif. codes:  0 ‘***’ 0.001 ‘**’ 0.01 ‘*’ 0.05 ‘.’ 0.1 ‘ ’ 1

--- Above Lag 0 ---
OLS estimation, Dep. Var.: y_t_pct
Observations: 418
Subset: t_idx >= 4 & t_idx <= 14
Fixed-effects: Country: 38
Standard-errors: Clustered (Country) 
                     Estimate Std. Error  t value      Pr(>|t|)    
y_lag1               0.187489   0.046027  4.07344 0.00023475762 ***
S_mean_tw           -0.087413   0.013856 -6.30868 0.00000024012 ***
F_CP_above_3        -0.531575   0.188249 -2.82379 0.00759886694 ** 
F_CP_belowstock      0.220573   0.145999  1.51079 0.13933659773    
F_DI_lag1            1.521633   0.602850  2.52407 0.01602266424 *  
S_mean_tw:F_DI_lag1 -0.041918   0.014752 -2.84148 0.00726217486 ** 
---
Signif. codes:  0 '***' 0.001 '**' 0.01 '*' 0.05 '.' 0.1 ' ' 1
RMSE: 2.82758     Adj. R2: 0.591205
                Within R2: 0.437859

--- Above Lag 1 ---
OLS estimation, Dep. Var.: y_t_pct
Observations: 418
Subset: t_idx >= 4 & t_idx <= 14
Fixed-effects: Country: 38
Standard-errors: Clustered (Country) 
                      Estimate Std. Error  t value      Pr(>|t|)    
y_lag1                0.137252   0.046978  2.92164 0.00590409864 ** 
S_mean_tw            -0.080900   0.012627 -6.40717 0.00000017682 ***
F_CP_above_flow_lag1 -1.204187   0.239473 -5.02850 0.00001291660 ***
F_CP_belowstock       0.272131   0.153026  1.77833 0.08356851699 .  
F_DI_lag1             2.213230   0.750451  2.94920 0.00549498276 ** 
S_mean_tw:F_DI_lag1  -0.048941   0.014862 -3.29303 0.00218746995 ** 
---
Signif. codes:  0 '***' 0.001 '**' 0.01 '*' 0.05 '.' 0.1 ' ' 1
RMSE: 2.68466     Adj. R2: 0.631485
                Within R2: 0.493247

--- Above Lag 2 ---
OLS estimation, Dep. Var.: y_t_pct
Observations: 418
Subset: t_idx >= 4 & t_idx <= 14
Fixed-effects: Country: 38
Standard-errors: Clustered (Country) 
                      Estimate Std. Error  t value        Pr(>|t|)    
y_lag1                0.231078   0.049862  4.63431 0.0000433956326 ***
S_mean_tw            -0.095151   0.012547 -7.58335 0.0000000048028 ***
F_CP_above_flow_lag2  0.544156   0.188860  2.88126 0.0065553462555 ** 
F_CP_belowstock       0.261165   0.145119  1.79966 0.0800733206736 .  
F_DI_lag1             1.470488   0.568814  2.58518 0.0138093239771 *  
S_mean_tw:F_DI_lag1  -0.040576   0.014377 -2.82225 0.0076287585630 ** 
---
Signif. codes:  0 '***' 0.001 '**' 0.01 '*' 0.05 '.' 0.1 ' ' 1
RMSE: 2.8327     Adj. R2: 0.589722
               Within R2: 0.435819

--- Above Lag 3 ---
OLS estimation, Dep. Var.: y_t_pct
Observations: 418
Subset: t_idx >= 4 & t_idx <= 14
Fixed-effects: Country: 38
Standard-errors: Clustered (Country) 
                      Estimate Std. Error  t value        Pr(>|t|)    
y_lag1                0.166570   0.046525  3.58024 0.0009815653451 ***
S_mean_tw            -0.101383   0.013414 -7.55796 0.0000000051853 ***
F_CP_above_flow_lag3  0.555215   0.150292  3.69424 0.0007091649594 ***
F_CP_belowstock       0.231117   0.145057  1.59329 0.1196041544649    
F_DI_lag1             1.271454   0.786409  1.61678 0.1144203650147    
S_mean_tw:F_DI_lag1  -0.035927   0.016995 -2.11392 0.0413248357482 *  
---
Signif. codes:  0 '***' 0.001 '**' 0.01 '*' 0.05 '.' 0.1 ' ' 1
RMSE: 2.82434     Adj. R2: 0.59214 
                Within R2: 0.439144

--- DI Lag 0 ---
OLS estimation, Dep. Var.: y_t_pct
Observations: 418
Subset: t_idx >= 4 & t_idx <= 14
Fixed-effects: Country: 38
Standard-errors: Clustered (Country) 
                      Estimate Std. Error   t value        Pr(>|t|)    
y_lag1                0.229007   0.050584  4.527272 0.0000601217178 ***
S_mean_tw            -0.096810   0.011610 -8.338840 0.0000000005068 ***
F_CP_above_flow_lag2  0.546421   0.193445  2.824679 0.0075815670164 ** 
F_CP_belowstock       0.269536   0.152968  1.762050 0.0863216496510 .  
F_DI                  0.930787   0.979718  0.950056 0.3482485136827    
S_mean_tw:F_DI       -0.032882   0.024176 -1.360116 0.1820232396462    
---
Signif. codes:  0 '***' 0.001 '**' 0.01 '*' 0.05 '.' 0.1 ' ' 1
RMSE: 2.84382     Adj. R2: 0.586496
                Within R2: 0.431383

--- DI Lag 1 ---
OLS estimation, Dep. Var.: y_t_pct
Observations: 418
Subset: t_idx >= 4 & t_idx <= 14
Fixed-effects: Country: 38
Standard-errors: Clustered (Country) 
                      Estimate Std. Error  t value        Pr(>|t|)    
y_lag1                0.231078   0.049862  4.63431 0.0000433956326 ***
S_mean_tw            -0.095151   0.012547 -7.58335 0.0000000048028 ***
F_CP_above_flow_lag2  0.544156   0.188860  2.88126 0.0065553462555 ** 
F_CP_belowstock       0.261165   0.145119  1.79966 0.0800733206736 .  
F_DI_lag1             1.470488   0.568814  2.58518 0.0138093239771 *  
S_mean_tw:F_DI_lag1  -0.040576   0.014377 -2.82225 0.0076287585630 ** 
---
Signif. codes:  0 '***' 0.001 '**' 0.01 '*' 0.05 '.' 0.1 ' ' 1
RMSE: 2.8327     Adj. R2: 0.589722
               Within R2: 0.435819

--- DI Lag 2 ---
OLS estimation, Dep. Var.: y_t_pct
Observations: 418
Subset: t_idx >= 4 & t_idx <= 14
Fixed-effects: Country: 38
Standard-errors: Clustered (Country) 
                      Estimate Std. Error  t value          Pr(>|t|)    
y_lag1                0.255911   0.052731  4.85313 0.000022187562452 ***
S_mean_tw            -0.108692   0.011656 -9.32532 0.000000000029729 ***
F_CP_above_flow_lag2  0.519211   0.199096  2.60784 0.013062867595935 *  
F_CP_belowstock       0.301610   0.147145  2.04975 0.047526166099611 *  
F_DI_lag2            -0.978864   0.575408 -1.70116 0.097303233884576 .  
S_mean_tw:F_DI_lag2   0.038329   0.013789  2.77969 0.008502553161985 ** 
---
Signif. codes:  0 '***' 0.001 '**' 0.01 '*' 0.05 '.' 0.1 ' ' 1
RMSE: 2.84527     Adj. R2: 0.586072
                Within R2: 0.430799

=== (1) ASYMMETRY: tightening vs loosening ===
OLS estimation, Dep. Var.: y_t_pct
Observations: 418
Subset: t_idx >= 4 & t_idx <= 14
Fixed-effects: Country: 38
Standard-errors: Clustered (Country) 
                      Estimate Std. Error   t value         Pr(>|t|)    
y_lag1                0.391837   0.046581  8.411883 0.00000000040914 ***
S_mean_tw            -0.042035   0.010967 -3.832716 0.00047553569744 ***
S_tightening         -0.124619   0.016873 -7.385794 0.00000000873228 ***
S_loosening          -0.004725   0.017371 -0.272002 0.78713248652307    
F_CP_above_flow_lag2  0.485717   0.172712  2.812300 0.00782522439578 ** 
F_CP_belowstock      -0.241246   0.106385 -2.267666 0.02928040647865 *  
F_DI_lag1             0.972834   0.519397  1.873005 0.06898475854194 .  
S_mean_tw:F_DI_lag1  -0.029635   0.012002 -2.469242 0.01827946381017 *  
---
Signif. codes:  0 '***' 0.001 '**' 0.01 '*' 0.05 '.' 0.1 ' ' 1
RMSE: 2.55046     Adj. R2: 0.665618
                Within R2: 0.542644

=== (2) Sample splits: V14 ===
                                   High-S               Low-S         High-income          Low-income       High pre-debt        Low pre-debt        High soc.net
Dependent Var.:                   y_t_pct             y_t_pct             y_t_pct             y_t_pct             y_t_pct             y_t_pct             y_t_pct
                                                                                                                                                                 
S_mean_tw             -0.1067*** (0.0176) -0.0753*** (0.0140) -0.0795*** (0.0092) -0.0997*** (0.0124) -0.1185*** (0.0168) -0.0710*** (0.0158) -0.0912*** (0.0127)
F_CP_above_flow_lag2    0.9505** (0.2627)     0.1479 (0.1759)     0.5011 (0.3521)  0.6339*** (0.1474)   1.072*** (0.2600)     0.3203 (0.2213)   0.7807** (0.2553)
F_CP_belowstock          0.5054. (0.2712)     0.0532 (0.0897)     0.1000 (0.1458)     0.2692 (0.2142)     0.2483 (0.1851)     0.3615 (0.2414)     0.0972 (0.1321)
F_DI_lag1                  3.691* (1.743)     1.653. (0.8435)      3.017* (1.300)      1.205 (0.9406)       1.018 (1.246)      1.088 (0.6592)      3.776* (1.575)
S_mean_tw x F_DI_lag1  -0.0713** (0.0233)  -0.0632** (0.0216)   -0.0873* (0.0305)   -0.0294. (0.0165)    -0.0261 (0.0317) -0.0482*** (0.0118)   -0.1219* (0.0459)
Fixed-Effects:        ------------------- ------------------- ------------------- ------------------- ------------------- ------------------- -------------------
Country                               Yes                 Yes                 Yes                 Yes                 Yes                 Yes                 Yes
_____________________ ___________________ ___________________ ___________________ ___________________ ___________________ ___________________ ___________________
S.E.: Clustered               by: Country         by: Country         by: Country         by: Country         by: Country         by: Country         by: Country
Observations                          209                 209                 220                 220                 209                 209                 209
R2                                0.66399             0.60156             0.68090             0.59133             0.62950             0.63677             0.63043
Within R2                         0.48705             0.39864             0.44801             0.44044             0.48178             0.42022             0.49771

                              Low soc.net
Dependent Var.:                   y_t_pct
                                         
S_mean_tw             -0.0940*** (0.0215)
F_CP_above_flow_lag2      0.3993 (0.2323)
F_CP_belowstock           1.093* (0.4175)
F_DI_lag1                  1.104 (0.8835)
S_mean_tw x F_DI_lag1   -0.0290. (0.0168)
Fixed-Effects:        -------------------
Country                               Yes
_____________________ ___________________
S.E.: Clustered               by: Country
Observations                          209
R2                                0.65287
Within R2                         0.43459
---
Signif. codes: 0 '***' 0.001 '**' 0.01 '*' 0.05 '.' 0.1 ' ' 1

=== (3) Sample-window robustness: V14 ===
                      Baseline Q4.19-..22  Narrow Q1.20-Q1.22    Wide Q4.19-Q4.22           Only 2020
Dependent Var.:                   y_t_pct             y_t_pct             y_t_pct             y_t_pct
                                                                                                     
S_mean_tw             -0.0951*** (0.0126) -0.1346*** (0.0185) -0.0724*** (0.0103) -0.1518*** (0.0133)
F_CP_above_flow_lag2    0.5442** (0.1889)    0.3680* (0.1762)   0.7230** (0.2034)   0.7288** (0.2594)
F_CP_belowstock          0.2612. (0.1451)     0.3700 (0.2620)     0.0837 (0.1223)    -0.1534 (0.1565)
F_DI_lag1                 1.470* (0.5688)     0.6090 (0.5645)    2.037** (0.6440)    -0.3218 (0.6132)
S_mean_tw x F_DI_lag1  -0.0406** (0.0144)    -0.0246 (0.0152)  -0.0515** (0.0152)    -0.0091 (0.0134)
Fixed-Effects:        ------------------- ------------------- ------------------- -------------------
Country                               Yes                 Yes                 Yes                 Yes
_____________________ ___________________ ___________________ ___________________ ___________________
S.E.: Clustered               by: Country         by: Country         by: Country         by: Country
Observations                          418                 342                 494                 190
R2                                0.63203             0.64315             0.63802             0.72442
Within R2                         0.43582             0.40401             0.42880             0.64796
---
Signif. codes: 0 '***' 0.001 '**' 0.01 '*' 0.05 '.' 0.1 ' ' 1
                                        N  Mean    SD    Min   P25 Median   P75    Max
1  Debt-to-GDP Ratio (pp of 2019 GDP) 494 67.69 45.09   7.25 38.88  58.62 85.89 223.73
2          Debt Gap (pp, HP-filtered) 494 14.93 15.97 -16.80  3.49  11.64 22.60  95.02
3        Debt Change (pp, first diff) 494  0.57  2.38  -7.46 -0.85   0.23  1.68  14.20
4       Debt Change (nom, first diff) 494  1.61  2.59  -3.69 -0.02   1.20  2.78  15.25
5                     Output Gap (pp) 494 -3.77  4.60 -23.47 -5.84  -3.34 -1.07  11.28
6      Capacity Preservation (pp GDP) 494  1.01  2.72   0.00  0.00   0.00  0.61  25.42
7           Demand Injection (pp GDP) 494  0.20  0.63   0.00  0.00   0.00  0.05   8.32
8         Health Expenditure (pp GDP) 494  0.09  0.34   0.00  0.00   0.00  0.00   4.25
9          Infection Prevalence (pct) 456  1.76  2.41   0.00  0.14   0.61  2.58  12.85
10             Vaccination Rate (pct) 456 37.77 34.24   0.00  0.00  42.85 71.16  90.27
# A tibble: 2 × 3
  Country Quarter d_t_pct
  <chr>   <ord>     <dbl>
1 EST     Q4.2022    95.0
2 TUR     Q4.2022    83.4
# A tibble: 2 × 3
  Country Quarter debt_dR
  <chr>   <ord>     <dbl>
1 CAN     Q2.2020    11.6
2 USA     Q2.2020    14.2

=======================================================
                               Dependent variable:     
                          -----------------------------
                                     debt_dR           
                          DI cont.   DI lag1   DI lag2 
                             (1)       (2)       (3)   
-------------------------------------------------------
y_t_pct                   -0.201*** -0.188*** -0.207***
                           (0.034)   (0.031)   (0.034) 
                                                       
F_CP                      0.152***  0.173***  0.166*** 
                           (0.050)   (0.048)   (0.048) 
                                                       
F_DI                        0.281                      
                           (0.263)                     
                                                       
F_DI_lag1                            0.427*            
                                     (0.242)           
                                                       
F_DI_lag2                                       0.021  
                                               (0.196) 
                                                       
as.numeric(year_only)     -0.263*** -0.250*** -0.279***
                           (0.090)   (0.085)   (0.094) 
                                                       
-------------------------------------------------------
Observations                 494       494       494   
R2                          0.228     0.234     0.223  
Adjusted R2                 0.158     0.165     0.153  
F Statistic (df = 4; 452) 33.318*** 34.517*** 32.466***
=======================================================
Note:                       *p<0.1; **p<0.05; ***p<0.01

=================================================================
                                    Dependent variable:          
                          ---------------------------------------
                                          debt_dR                
                          CP cont, DI lag1 Both lag1 (consistent)
                                (1)                 (2)          
-----------------------------------------------------------------
y_t_pct                      -0.188***           -0.205***       
                              (0.031)             (0.037)        
                                                                 
F_CP                          0.173***                           
                              (0.048)                            
                                                                 
F_CP_lag1                                          0.058         
                                                  (0.055)        
                                                                 
F_DI_lag1                      0.427*              0.329         
                              (0.242)             (0.227)        
                                                                 
as.numeric(year_only)        -0.250***           -0.344***       
                              (0.085)             (0.084)        
                                                                 
-----------------------------------------------------------------
Observations                    494                 494          
R2                             0.234               0.204         
Adjusted R2                    0.165               0.132         
F Statistic (df = 4; 452)    34.517***           28.973***       
=================================================================
Note:                                 *p<0.1; **p<0.05; ***p<0.01

--- Between estimator ---

t test of coefficients:

             Estimate Std. Error t value Pr(>|t|)  
(Intercept)  0.345574   0.176118  1.9622  0.05797 .
y_t_pct     -0.054791   0.025647 -2.1363  0.03993 *
F_CP        -0.073645   0.132892 -0.5542  0.58308  
F_DI_lag1    0.466674   0.359512  1.2981  0.20300  
---
Signif. codes:  0 ‘***’ 0.001 ‘**’ 0.01 ‘*’ 0.05 ‘.’ 0.1 ‘ ’ 1


--- Pooling (CRV1) ---

t test of coefficients:

                     Estimate Std. Error t value     Pr(>|t|)    
(Intercept)          0.536096   0.186703  2.8714     0.004264 ** 
y_t_pct             -0.126103   0.024075 -5.2379 0.0000002418 ***
F_CP                 0.159040   0.048537  3.2767     0.001125 ** 
F_DI_lag1            0.496313   0.275669  1.8004     0.072415 .  
as.numeric(Quarter) -0.100015   0.020356 -4.9132 0.0000012242 ***
---
Signif. codes:  0 ‘***’ 0.001 ‘**’ 0.01 ‘*’ 0.05 ‘.’ 0.1 ‘ ’ 1


--- Random Effects (CRV1) ---

t test of coefficients:

                     Estimate Std. Error t value     Pr(>|t|)    
(Intercept)          0.536096   0.186703  2.8714     0.004264 ** 
y_t_pct             -0.126103   0.024075 -5.2379 0.0000002418 ***
F_CP                 0.159040   0.048537  3.2767     0.001125 ** 
F_DI_lag1            0.496313   0.275669  1.8004     0.072415 .  
as.numeric(Quarter) -0.100015   0.020356 -4.9132 0.0000012242 ***
---
Signif. codes:  0 ‘***’ 0.001 ‘**’ 0.01 ‘*’ 0.05 ‘.’ 0.1 ‘ ’ 1


--- Fixed Effects (CRV1) ---

t test of coefficients:

                     Estimate Std. Error t value      Pr(>|t|)    
y_t_pct             -0.182472   0.031510 -5.7910 0.00000001312 ***
F_CP                 0.155928   0.047756  3.2651      0.001177 ** 
F_DI_lag1            0.409421   0.238665  1.7155      0.086946 .  
as.numeric(Quarter) -0.085872   0.019729 -4.3526 0.00001665163 ***
---
Signif. codes:  0 ‘***’ 0.001 ‘**’ 0.01 ‘*’ 0.05 ‘.’ 0.1 ‘ ’ 1


--- Hausman test (FE vs RE) ---

	Hausman Test

data:  debt_dR ~ y_t_pct + F_CP + F_DI_lag1 + as.numeric(Quarter)
chisq = 10.261, df = 4, p-value = 0.03625
alternative hypothesis: one model is inconsistent


--- Mundlak regression: within + between coefficients ---

t test of coefficients:

                        Estimate Std. Error t value       Pr(>|t|)    
(Intercept)           506.389162 173.325140  2.9216      0.0036443 ** 
y_t_pct                -0.188277   0.031404 -5.9952 0.000000003966 ***
F_CP                    0.173232   0.048106  3.6011      0.0003495 ***
F_DI_lag1               0.426852   0.242745  1.7584      0.0793025 .  
y_mean                  0.133486   0.033642  3.9678 0.000083466256 ***
FCP_mean               -0.246877   0.130512 -1.8916      0.0591371 .  
FDI_lag1_mean           0.039822   0.347510  0.1146      0.9088161    
as.numeric(year_only)  -0.250412   0.085772 -2.9195      0.0036687 ** 
---
Signif. codes:  0 ‘***’ 0.001 ‘**’ 0.01 ‘*’ 0.05 ‘.’ 0.1 ‘ ’ 1


--- Wald test: H0 = RE assumption (joint nullity of country means) ---
Wald test

Model 1: debt_dR ~ y_t_pct + F_CP + F_DI_lag1 + y_mean + FCP_mean + FDI_lag1_mean + 
    as.numeric(year_only)
Model 2: debt_dR ~ y_t_pct + F_CP + F_DI_lag1 + as.numeric(year_only)
  Res.Df Df  Chisq  Pr(>Chisq)    
1    486                          
2    489 -3 28.759 0.000002516 ***
---
Signif. codes:  0 ‘***’ 0.001 ‘**’ 0.01 ‘*’ 0.05 ‘.’ 0.1 ‘ ’ 1
# A tibble: 38 × 2
   Country DebtR_share2019
   <chr>             <dbl>
 1 AUS               37.6 
 2 AUT               69.7 
 3 BEL               77.9 
 4 CAN               44.2 
 5 CHE               16.3 
 6 CHL               29.6 
 7 COL               47.7 
 8 CRI               53.2 
 9 CZE               30.2 
10 DEU               34.0 
11 DNK               34.1 
12 ESP               86.0 
13 EST               11.8 
14 FIN               54.5 
15 FRA               85.4 
16 GBR              107.  
17 GRC              205.  
18 HUN               52.1 
19 IRL               54.3 
20 ISL               69.9 
21 ISR               56.9 
22 ITA              122.  
23 JPN              199.  
24 KOR               35.1 
25 LTU               29.3 
26 LUX               26.6 
27 LVA               39.7 
28 MEX                7.25
29 NLD               43.9 
30 NOR               16.6 
31 NZL               73.0 
32 POL               45.6 
33 PRT              111.  
34 SVK               48.4 
35 SVN               72.1 
36 SWE               27.7 
37 TUR               54.0 
38 USA               97.3 
indexed 0B in  0s, 0B/sindexed 2.15GB in  0s, 2.15GB/s                                                                                                                                                                 # A tibble: 47 × 2
   iso3      n
   <chr> <int>
 1 MEX       4
 2 EST      10
 3 ISL      12
 4 AUS      13
 5 AUT      13
 6 BEL      13
 7 BGR      13
 8 BRA      13
 9 CAN      13
10 CHE      13
11 CHL      13
12 CHN      13
13 COL      13
14 CRI      13
15 CZE      13
16 DEU      13
17 DNK      13
18 EA19     13
19 EA20     13
20 ESP      13
21 FIN      13
22 FRA      13
23 GBR      13
24 GRC      13
25 HRV      13
26 HUN      13
27 IDN      13
28 IND      13
29 IRL      13
30 ISR      13
31 ITA      13
32 JPN      13
33 KOR      13
34 LTU      13
35 LUX      13
36 LVA      13
37 NLD      13
38 NOR      13
39 NZL      13
40 POL      13
41 PRT      13
42 ROU      13
43 SVK      13
44 SVN      13
45 SWE      13
46 USA      13
47 ZAF      13
OLS estimation, Dep. Var.: debt_dR_adj
Observations: 494
Subset: t_idx >= 4 & t_idx <= 16
Fixed-effects: Country: 38
Standard-errors: Clustered (Country) 
               Estimate Std. Error   t value      Pr(>|t|)    
y_t_pct       -0.217472   0.036029 -6.036057 0.00000056111 ***
F_CP_above_3   0.491348   0.193752  2.535968 0.01556769809 *  
F_CP_loans_lo  0.911729   0.215468  4.231384 0.00014673688 ***
F_CP_guar_lo   0.143077   0.238016  0.601125 0.55142217579    
F_DI           0.258865   0.280237  0.923737 0.36160871118    
---
Signif. codes:  0 '***' 0.001 '**' 0.01 '*' 0.05 '.' 0.1 ' ' 1
RMSE: 2.08545     Adj. R2: 0.203495
                Within R2: 0.249299
OLS estimation, Dep. Var.: debt_dR_adj
Observations: 494
Subset: t_idx >= 4 & t_idx <= 16
Fixed-effects: Country: 38
Standard-errors: Clustered (Country) 
                Estimate Std. Error  t value     Pr(>|t|)    
y_lag1         -0.116846   0.038591 -3.02782 0.0044693967 ** 
F_CP_above_3    0.664372   0.203056  3.27187 0.0023180041 ** 
F_CP_loans_mid  0.835733   0.159740  5.23182 0.0000068781 ***
F_CP_guar_lo    0.535924   0.284101  1.88638 0.0671106914 .  
F_DI_lag1       0.526405   0.297030  1.77223 0.0845913120 .  
F_H_lag1        0.907869   0.377664  2.40390 0.0213451973 *  
---
Signif. codes:  0 '***' 0.001 '**' 0.01 '*' 0.05 '.' 0.1 ' ' 1
RMSE: 2.10361     Adj. R2: 0.187761
                Within R2: 0.236168
        AUS         AUT         BEL         CAN         CHE         CHL         COL         CRI         CZE         DEU         DNK         ESP         EST 
-0.85249470 -0.60008481 -0.87310649 -0.26483899 -0.43147624 -1.02913599  0.54921411  0.12133961 -0.65702919 -1.09473827 -1.66069438 -0.96236790 -0.48099461 
        FIN         FRA         GBR         GRC         HUN         IRL         ISL         ISR         ITA         JPN         KOR         LTU         LUX 
-0.63145818 -0.96674159 -1.37219712 -1.30412018 -0.96695829 -0.27017079 -0.81650512 -0.34177789 -1.19298973 -1.65670503 -0.51363351 -0.48235857  0.11931621 
        LVA         MEX         NLD         NOR         NZL         POL         PRT         SVK         SVN         SWE         TUR         USA 
 0.04754247 -0.90815424 -0.42719271 -0.10907658  0.03890467 -0.69286915 -1.72422349 -0.13065311 -0.99102089 -0.51141297 -0.31499997 -0.22507453 
   Min. 1st Qu.  Median    Mean 3rd Qu.    Max.     NAs 
    0.6     0.6     0.6     0.6     0.6     0.6     506 
   Min. 1st Qu.  Median    Mean 3rd Qu.    Max.     NAs 
   0.25    0.25    0.25    0.25    0.25    0.25     515 
OLS estimation, Dep. Var.: debt_dR_adj
Observations: 494
Subset: t_idx >= 4 & t_idx <= 16
Fixed-effects: Country: 38
Standard-errors: Clustered (Country) 
                   Estimate Std. Error  t value     Pr(>|t|)    
y_lag1            -0.100561   0.036888 -2.72613 0.0097343389 ** 
F_CP_above_3       0.502672   0.216731  2.31934 0.0260026962 *  
F_CP_loans_mid     0.770782   0.141457  5.44888 0.0000035014 ***
F_CP_guar_lo       0.375786   0.269717  1.39326 0.1718556215    
F_DI_lag1          0.443638   0.266099  1.66719 0.1039200773    
F_H_lag1           0.838432   0.375003  2.23580 0.0314816610 *  
as.numeric(t_idx) -0.117262   0.025919 -4.52417 0.0000606915 ***
---
Signif. codes:  0 '***' 0.001 '**' 0.01 '*' 0.05 '.' 0.1 ' ' 1
RMSE: 2.0682     Adj. R2: 0.213127
               Within R2: 0.261666
OLS estimation, Dep. Var.: debt_dR_adj
Observations: 494
Subset: t_idx >= 4 & t_idx <= 16
Fixed-effects: Country: 38
Standard-errors: Clustered (Country) 
                       Estimate Std. Error  t value     Pr(>|t|)    
y_lag1                -0.103288   0.037069 -2.78637 0.0083595444 ** 
F_CP_above_3           0.569296   0.214204  2.65772 0.0115483632 *  
F_CP_loans_mid         0.798630   0.150143  5.31914 0.0000052434 ***
F_CP_guar_lo           0.445853   0.274172  1.62618 0.1124000609    
F_DI_lag1              0.470527   0.274488  1.71420 0.0948592880 .  
F_H_lag1               0.869746   0.380699  2.28460 0.0281673428 *  
as.numeric(year_only) -0.343558   0.100212 -3.42832 0.0015046609 ** 
---
Signif. codes:  0 '***' 0.001 '**' 0.01 '*' 0.05 '.' 0.1 ' ' 1
RMSE: 2.0823     Adj. R2: 0.202363
               Within R2: 0.251566

t test of coefficients:

                      Estimate Std. Error t value           Pr(>|t|)    
y_lag1                0.231078   0.049201  4.6966 0.0000037208018401 ***
S_mean_tw            -0.095151   0.012381 -7.6853 0.0000000000001357 ***
F_CP_above_flow_lag2  0.544156   0.186356  2.9200           0.003713 ** 
F_CP_belowstock       0.261165   0.143194  1.8238           0.068973 .  
F_DI_lag1             1.470488   0.561270  2.6199           0.009153 ** 
S_mean_tw:F_DI_lag1  -0.040576   0.014186 -2.8602           0.004471 ** 
---
Signif. codes:  0 ‘***’ 0.001 ‘**’ 0.01 ‘*’ 0.05 ‘.’ 0.1 ‘ ’ 1


t test of coefficients:

                       Estimate Std. Error t value          Pr(>|t|)    
y_lag1                 0.195677   0.039238  4.9869 0.000000941851625 ***
S_mean_tw             -0.088932   0.011826 -7.5198 0.000000000000413 ***
F_CP_above_flow_lag2   0.627604   0.186111  3.3722         0.0008238 ***
F_CP_belowstock       -0.337758   0.141328 -2.3899         0.0173491 *  
F_DI_lag1              1.751491   0.547046  3.2017         0.0014833 ** 
as.numeric(year_only)  1.053434   0.198407  5.3095 0.000000189260580 ***
S_mean_tw:F_DI_lag1   -0.043073   0.012970 -3.3211         0.0009853 ***
---
Signif. codes:  0 ‘***’ 0.001 ‘**’ 0.01 ‘*’ 0.05 ‘.’ 0.1 ‘ ’ 1

==============================================================================
  STATE-EVOLUTION REDUCED FORM (DV = excess_pm) — 2026-06-17 13:41:18
==============================================================================

Panel: 3648 rows, 38 countries, 192 weeks (<= 2021-12-31)

DV summary stats (DV in regression sample, after NA filter on theta_hat):
# A tibble: 5 × 7
  var                N     mean       sd   min     med      max
  <chr>          <int>    <dbl>    <dbl> <dbl>   <dbl>    <dbl>
1 d_lead1_excpm   3325 21.4     38.2     -55.8 9.75    269.    
2 d_lead1_pproj   3325 12.1     21.0     -31.4 6.09    169.    
3 d_lead1_confpm  3325 17.8     26.7       0   5.94    194.    
4 theta_hat       3325  0.00528  0.00830   0   0.00213   0.0715
5 S_daily_mean    3325  0.467    0.188     0   0.459     0.958 

------------------------------------------------------------------------------
  (1) Theta-equation
------------------------------------------------------------------------------
OLS estimation, Dep. Var.: theta_lead1
Observations: 3,325
Standard-errors: Clustered (Country) 
             Estimate Std. Error  t value       Pr(>|t|)    
(Intercept)  0.000495   0.000068  7.28912 0.000000019284 ***
theta_hat    1.044065   0.024584 42.46917      < 2.2e-16 ***
St_x_th     -0.289903   0.053812 -5.38732 0.000005392972 ***
---
Signif. codes:  0 '***' 0.001 '**' 0.01 '*' 0.05 '.' 0.1 ' ' 1
RMSE: 0.003152   Adj. R2: 0.855901
OLS estimation, Dep. Var.: theta_lead1
Observations: 3,325
Fixed-effects: Country: 35
Standard-errors: Clustered (Country) 
           Estimate Std. Error  t value     Pr(>|t|)    
theta_hat  1.035069   0.026878 38.50924    < 2.2e-16 ***
St_x_th   -0.325260   0.059591 -5.45821 0.0000043609 ***
---
Signif. codes:  0 '***' 0.001 '**' 0.01 '*' 0.05 '.' 0.1 ' ' 1
RMSE: 0.003125     Adj. R2: 0.856971
                 Within R2: 0.822644
OLS estimation, Dep. Var.: theta_lead1
Observations: 3,325
Fixed-effects: Country: 35,  wave_coarse: 3
Standard-errors: Clustered (Country) 
           Estimate Std. Error  t value     Pr(>|t|)    
theta_hat  1.029198   0.032917 31.26657    < 2.2e-16 ***
St_x_th   -0.335623   0.064582 -5.19682 0.0000095401 ***
---
Signif. codes:  0 '***' 0.001 '**' 0.01 '*' 0.05 '.' 0.1 ' ' 1
RMSE: 0.003114     Adj. R2: 0.857867
                 Within R2: 0.795642

Structural parameters (theta equation):
# A tibble: 3 × 5
  spec                rho se_rho phi_S se_phi
  <chr>             <dbl>  <dbl> <dbl>  <dbl>
1 Pooled OLS         1.04 0.0246 0.278 0.0457
2 Country FE         1.04 0.0269 0.314 0.0507
3 Country + wave FE  1.03 0.0329 0.326 0.0539

------------------------------------------------------------------------------
  (2) d-equation  (DV = excess_pm = excess deaths per million per week)
------------------------------------------------------------------------------
OLS estimation, Dep. Var.: d_lead1_excpm
Observations: 3,325
Standard-errors: Clustered (Country) 
              Estimate Std. Error  t value  Pr(>|t|)    
(Intercept)    3.17321    1.03588  3.06330 0.0042631 ** 
theta_hat   3447.95819  135.74459 25.40034 < 2.2e-16 ***
---
Signif. codes:  0 '***' 0.001 '**' 0.01 '*' 0.05 '.' 0.1 ' ' 1
RMSE: 25.2   Adj. R2: 0.562384
OLS estimation, Dep. Var.: d_lead1_excpm
Observations: 3,325
Fixed-effects: Country: 35
Standard-errors: Clustered (Country) 
          Estimate Std. Error t value  Pr(>|t|)    
theta_hat  3211.42    137.179 23.4104 < 2.2e-16 ***
---
Signif. codes:  0 '***' 0.001 '**' 0.01 '*' 0.05 '.' 0.1 ' ' 1
RMSE: 24.6     Adj. R2: 0.580446
             Within R2: 0.484981
OLS estimation, Dep. Var.: d_lead1_excpm
Observations: 3,325
Fixed-effects: Country: 35,  wave_coarse: 3
Standard-errors: Clustered (Country) 
          Estimate Std. Error t value  Pr(>|t|)    
theta_hat  3396.94      153.8 22.0868 < 2.2e-16 ***
---
Signif. codes:  0 '***' 0.001 '**' 0.01 '*' 0.05 '.' 0.1 ' ' 1
RMSE: 24.0     Adj. R2: 0.599039
             Within R2: 0.488159
OLS estimation, Dep. Var.: d_lead1_excpm
Observations: 3,325
Fixed-effects: Country: 35
Standard-errors: Clustered (Country) 
              Estimate Std. Error  t value       Pr(>|t|)    
theta_hat    3316.4960  135.22873 24.52508      < 2.2e-16 ***
S_daily_mean   49.6901    6.94633  7.15343 0.000000028581 ***
---
Signif. codes:  0 '***' 0.001 '**' 0.01 '*' 0.05 '.' 0.1 ' ' 1
RMSE: 23.0     Adj. R2: 0.631473
             Within R2: 0.547757
OLS estimation, Dep. Var.: d_lead1_excpm
Observations: 3,325
Fixed-effects: Country: 35
Standard-errors: Clustered (Country) 
                   Estimate Std. Error  t value               Pr(>|t|)    
theta_hat           4641.28    320.692 14.47267 0.00000000000000042624 ***
I(I(theta_hat^2)) -39423.92   6928.567 -5.69005 0.00000217708884439497 ***
---
Signif. codes:  0 '***' 0.001 '**' 0.01 '*' 0.05 '.' 0.1 ' ' 1
RMSE: 23.9     Adj. R2: 0.603703
             Within R2: 0.513677

[Robustness] DV = confirmed COVID deaths per million:
OLS estimation, Dep. Var.: d_lead1_confpm
Observations: 3,325
Fixed-effects: Country: 35
Standard-errors: Clustered (Country) 
          Estimate Std. Error t value            Pr(>|t|)    
theta_hat  1696.24    152.451 11.1265 0.00000000000070772 ***
---
Signif. codes:  0 '***' 0.001 '**' 0.01 '*' 0.05 '.' 0.1 ' ' 1
RMSE: 21.1     Adj. R2: 0.369684
             Within R2: 0.262742

[For comparison] DV = p_proj (the prior run):
OLS estimation, Dep. Var.: d_lead1_pproj
Observations: 3,325
Fixed-effects: Country: 35
Standard-errors: Clustered (Country) 
          Estimate Std. Error t value           Pr(>|t|)    
theta_hat  1625.41    152.847 10.6343 0.0000000000023599 ***
---
Signif. codes:  0 '***' 0.001 '**' 0.01 '*' 0.05 '.' 0.1 ' ' 1
RMSE: 13.9     Adj. R2: 0.55414 
             Within R2: 0.429502

------------------------------------------------------------------------------
  (3) LP for d-equation (DV = excess_pm)
------------------------------------------------------------------------------

LP for d (excess_pm):
# A tibble: 4 × 7
      h     n delta    se  r2_w ci_lo ci_hi
  <int> <int> <dbl> <dbl> <dbl> <dbl> <dbl>
1     1  3325 3211.  137. 0.485 2943. 3480.
2     2  3290 3645.  181. 0.631 3291. 3999.
3     3  3255 4056.  197. 0.776 3670. 4442.
4     4  3220 3684.  186. 0.634 3318. 4049.

  Saved calibration: C:/Users/pesent0000/OneDrive/Studium/Wirtschaftswissenschaften/Doktorat/Paper 1/Pandemic-Trilemma/Files/output/calibration_state_eq_excpm.csv
  Saved LaTeX:  C:/Users/pesent0000/OneDrive/Studium/Wirtschaftswissenschaften/Doktorat/Paper 1/Pandemic-Trilemma/Files/output/tables/tab_state_eq_excpm.tex

==============================================================================
  END
==============================================================================
Log: C:/Users/pesent0000/OneDrive/Studium/Wirtschaftswissenschaften/Doktorat/Paper 1/Pandemic-Trilemma/Files/output/reduced_form_state_eq_excpm.log 
# A tibble: 6 × 22
  Country isoyr isowk date       theta_hat p_proj excess excess_pm deaths_confirmed_pm wave_coarse S_daily_mean theta_lead1 theta_lead2 theta_lead3 theta_lead4
  <chr>   <dbl> <int> <date>         <dbl>  <dbl>  <dbl>     <dbl>               <dbl> <chr>              <dbl>       <dbl>       <dbl>       <dbl>       <dbl>
1 AUS      2020     9 2020-03-01 0.000596   4.84   143.      5.57               0.0390 Wave1             0.0938   0.000726    0.000975    0.000436    0.000181 
2 AUS      2020    10 2020-03-08 0.000726   0.415   12.4     0.484              0.0780 Wave1             0.0938   0.000975    0.000436    0.000181    0.0000564
3 AUS      2020    11 2020-03-15 0.000975   1.81    52.8     2.06               0      Wave1             0.0938   0.000436    0.000181    0.0000564   0        
4 AUS      2020    12 2020-03-22 0.000436   4.64   137.      5.36               0.156  Wave1             0.312    0.000181    0.0000564   0           0        
5 AUS      2020    13 2020-03-29 0.000181   5.62   167.      6.53               0.351  Wave1             0.560    0.0000564   0           0           0        
6 AUS      2020    14 2020-04-05 0.0000564  7.52   225       8.78               0.741  Wave1             0.583    0           0           0           0        
# ℹ 7 more variables: d_lead1_excpm <dbl>, d_lead2_excpm <dbl>, d_lead3_excpm <dbl>, d_lead4_excpm <dbl>, d_lead1_confpm <dbl>, d_lead1_pproj <dbl>, St_x_th <dbl>

############## (A) WEEKLY, wave-specific rho ##############

-- weekly rho_theta by wave (slopes on theta_hat) --

############## (A) WEEKLY, wave-specific rho ##############

-- weekly rho_theta by wave (slopes on theta_hat) --
OLS estimation, Dep. Var.: theta_lead1
Observations: 3,325
Fixed-effects: Country: 35
Standard-errors: Clustered (Country) 
                              Estimate Std. Error  t value      Pr(>|t|)    
wave_coarse::Wave1:theta_hat  1.054506   0.063206 16.68370     < 2.2e-16 ***
wave_coarse::Wave2:theta_hat  1.185890   0.056864 20.85499     < 2.2e-16 ***
wave_coarse::Wave3:theta_hat  1.077942   0.033316 32.35468     < 2.2e-16 ***
St_x_th                      -0.515875   0.077138 -6.68770 0.00000011175 ***
---
Signif. codes:  0 '***' 0.001 '**' 0.01 '*' 0.05 '.' 0.1 ' ' 1
RMSE: 0.003099     Adj. R2: 0.859188
                 Within R2: 0.825499

-- observations per wave --

Wave1 Wave2 Wave3 
 1102  1558   988 

-- weekly: BOTH rho and containment wave-specific --
OLS estimation, Dep. Var.: theta_lead1
Observations: 3,325
Fixed-effects: Country: 35
Standard-errors: Clustered (Country) 
                              Estimate Std. Error  t value              Pr(>|t|)    
wave_coarse::Wave1:theta_hat  1.139884   0.075181 15.16194             < 2.2e-16 ***
wave_coarse::Wave2:theta_hat  1.059195   0.076837 13.78488 0.0000000000000017652 ***
wave_coarse::Wave3:theta_hat  1.150417   0.061300 18.76693             < 2.2e-16 ***
wave_coarse::Wave1:St_x_th   -0.686798   0.153539 -4.47311 0.0000819000694750718 ***
wave_coarse::Wave2:St_x_th   -0.298330   0.107810 -2.76720 0.0090805317408851251 ** 
wave_coarse::Wave3:St_x_th   -0.748048   0.168625 -4.43616 0.0000912877838574653 ***
---
Signif. codes:  0 '***' 0.001 '**' 0.01 '*' 0.05 '.' 0.1 ' ' 1
RMSE: 0.003087     Adj. R2: 0.860193
                 Within R2: 0.826849

-- weekly rho_theta by wave (slopes on theta_hat) --
OLS estimation, Dep. Var.: theta_lead1
Observations: 3,325
Standard-errors: Clustered (Country) 
                              Estimate Std. Error  t value       Pr(>|t|)    
(Intercept)                   0.000487   0.000070  6.91354 0.000000057553 ***
wave_coarse::Wave1:theta_hat  1.071280   0.057620 18.59220      < 2.2e-16 ***
wave_coarse::Wave2:theta_hat  1.192325   0.052882 22.54703      < 2.2e-16 ***
wave_coarse::Wave3:theta_hat  1.082943   0.031231 34.67559      < 2.2e-16 ***
St_x_th                      -0.477851   0.076443 -6.25106 0.000000407366 ***
---
Signif. codes:  0 '***' 0.001 '**' 0.01 '*' 0.05 '.' 0.1 ' ' 1
RMSE: 0.003126   Adj. R2: 0.858177

-- observations per wave --

Wave1 Wave2 Wave3 
 1102  1558   988 

-- weekly: BOTH rho and containment wave-specific --

-- weekly rho_theta by wave (slopes on theta_hat) --
OLS estimation, Dep. Var.: theta_lead1
Observations: 3,325
Fixed-effects: Country: 35
Standard-errors: Clustered (Country) 
                              Estimate Std. Error  t value      Pr(>|t|)    
wave_coarse::Wave1:theta_hat  1.054506   0.063206 16.68370     < 2.2e-16 ***
wave_coarse::Wave2:theta_hat  1.185890   0.056864 20.85499     < 2.2e-16 ***
wave_coarse::Wave3:theta_hat  1.077942   0.033316 32.35468     < 2.2e-16 ***
St_x_th                      -0.515875   0.077138 -6.68770 0.00000011175 ***
---
Signif. codes:  0 '***' 0.001 '**' 0.01 '*' 0.05 '.' 0.1 ' ' 1
RMSE: 0.003099     Adj. R2: 0.859188
                 Within R2: 0.825499

-- observations per wave --

Wave1 Wave2 Wave3 
 1102  1558   988 

-- weekly: BOTH rho and containment wave-specific --

-- weekly rho_theta by wave (slopes on theta_hat) --
OLS estimation, Dep. Var.: theta_lead1
Observations: 3,325
Fixed-effects: Country: 35
Standard-errors: Clustered (Country) 
                              Estimate Std. Error  t value      Pr(>|t|)    
wave_coarse::Wave1:theta_hat  1.054506   0.063206 16.68370     < 2.2e-16 ***
wave_coarse::Wave2:theta_hat  1.185890   0.056864 20.85499     < 2.2e-16 ***
wave_coarse::Wave3:theta_hat  1.077942   0.033316 32.35468     < 2.2e-16 ***
St_x_th                      -0.515875   0.077138 -6.68770 0.00000011175 ***
---
Signif. codes:  0 '***' 0.001 '**' 0.01 '*' 0.05 '.' 0.1 ' ' 1
RMSE: 0.003099     Adj. R2: 0.859188
                 Within R2: 0.825499

-- observations per wave --

Wave1 Wave2 Wave3 
 1102  1558   988 

-- weekly: BOTH rho and containment wave-specific --
OLS estimation, Dep. Var.: theta_lead1
Observations: 3,325
Fixed-effects: Country: 35
Standard-errors: Clustered (Country) 
                              Estimate Std. Error  t value              Pr(>|t|)    
wave_coarse::Wave1:theta_hat  1.139884   0.075181 15.16194             < 2.2e-16 ***
wave_coarse::Wave2:theta_hat  1.059195   0.076837 13.78488 0.0000000000000017652 ***
wave_coarse::Wave3:theta_hat  1.150417   0.061300 18.76693             < 2.2e-16 ***
wave_coarse::Wave1:St_x_th   -0.686798   0.153539 -4.47311 0.0000819000694750718 ***
wave_coarse::Wave2:St_x_th   -0.298330   0.107810 -2.76720 0.0090805317408851251 ** 
wave_coarse::Wave3:St_x_th   -0.748048   0.168625 -4.43616 0.0000912877838574653 ***
---
Signif. codes:  0 '***' 0.001 '**' 0.01 '*' 0.05 '.' 0.1 ' ' 1
RMSE: 0.003087     Adj. R2: 0.860193
                 Within R2: 0.826849


############## (B) QUARTERLY, wave-specific rho ##############

-- quarterly obs per wave --

Wave1 Wave2 Wave3 
  114   114    76 

-- quarterly CONSTANT rho (baseline) --
OLS estimation, Dep. Var.: theta_q_lead1
Observations: 245
Fixed-effects: Country: 35
Standard-errors: Clustered (Country) 
         Estimate Std. Error  t value   Pr(>|t|)    
theta_q   1.27327   0.348813  3.65029 0.00087111 ***
Sq_x_thq -2.14756   0.497441 -4.31723 0.00012930 ***
---
Signif. codes:  0 '***' 0.001 '**' 0.01 '*' 0.05 '.' 0.1 ' ' 1
RMSE: 0.005358     Adj. R2: 0.329847
                 Within R2: 0.164156

-- quarterly WAVE-SPECIFIC rho --
OLS estimation, Dep. Var.: theta_q_lead1
Observations: 245
Fixed-effects: Country: 35
Standard-errors: Clustered (Country) 
                            Estimate Std. Error  t value  Pr(>|t|)    
wave_coarse::Wave1:theta_q  0.642509   0.258155  2.48885 0.0178727 *  
wave_coarse::Wave2:theta_q  0.923185   0.316849  2.91365 0.0062743 ** 
wave_coarse::Wave3:theta_q  1.248256   0.348551  3.58127 0.0010554 ** 
Sq_x_thq                   -1.581431   0.500432 -3.16013 0.0033055 ** 
---
Signif. codes:  0 '***' 0.001 '**' 0.01 '*' 0.05 '.' 0.1 ' ' 1
RMSE: 0.005242     Adj. R2: 0.352398
                 Within R2: 0.200048

############## INTERPRETATION ##############
Compare quarterly wave slopes. Overlapping CIs ~1.03 -> constant rho is
justified; do NOT add wave-specific rho to MATLAB. W1 much higher and
precise -> wave-specific rho warranted. Use ONLY quarterly values in MATLAB.
=== WEEKLY OECD-average stringency (with quarter label) ===
# A tibble: 97 × 6
   isoyr isowk S_oecd_w n_country   qtr quarter_id
   <dbl> <int>    <dbl>     <int> <dbl> <chr>     
 1  2020     9   0.0550        35     1 2020Q1    
 2  2020    10   0.0885        38     1 2020Q1    
 3  2020    11   0.237         38     1 2020Q1    
 4  2020    12   0.547         38     1 2020Q1    
 5  2020    13   0.673         38     1 2020Q1    
 6  2020    14   0.722         38     2 2020Q2    
 7  2020    15   0.735         38     2 2020Q2    
 8  2020    16   0.730         38     2 2020Q2    
 9  2020    17   0.706         38     2 2020Q2    
10  2020    18   0.697         38     2 2020Q2    
11  2020    19   0.658         38     2 2020Q2    
12  2020    20   0.613         38     2 2020Q2    
13  2020    21   0.582         38     2 2020Q2    
14  2020    22   0.560         38     2 2020Q2    
15  2020    23   0.512         38     2 2020Q2    
16  2020    24   0.485         38     2 2020Q2    
17  2020    25   0.461         38     2 2020Q2    
18  2020    26   0.438         38     2 2020Q2    
19  2020    27   0.427         38     3 2020Q3    
20  2020    28   0.427         38     3 2020Q3    
21  2020    29   0.422         38     3 2020Q3    
22  2020    30   0.420         38     3 2020Q3    
23  2020    31   0.419         38     3 2020Q3    
24  2020    32   0.418         38     3 2020Q3    
25  2020    33   0.427         38     3 2020Q3    
26  2020    34   0.429         38     3 2020Q3    
27  2020    35   0.430         38     3 2020Q3    
28  2020    36   0.414         38     3 2020Q3    
29  2020    37   0.411         38     3 2020Q3    
30  2020    38   0.417         38     3 2020Q3    
31  2020    39   0.415         38     3 2020Q3    
32  2020    40   0.420         38     4 2020Q4    
33  2020    41   0.421         38     4 2020Q4    
34  2020    42   0.425         38     4 2020Q4    
35  2020    43   0.461         38     4 2020Q4    
36  2020    44   0.501         38     4 2020Q4    
37  2020    45   0.535         38     4 2020Q4    
38  2020    46   0.553         38     4 2020Q4    
39  2020    47   0.559         38     4 2020Q4    
40  2020    48   0.559         38     4 2020Q4    
41  2020    49   0.560         38     4 2020Q4    
42  2020    50   0.553         38     4 2020Q4    
43  2020    51   0.565         38     4 2020Q4    
44  2020    52   0.582         38     4 2020Q4    
45  2020    53   0.604         38     4 2020Q4    
46  2021     1   0.617         38     1 2021Q1    
47  2021     2   0.606         38     1 2021Q1    
48  2021     3   0.608         38     1 2021Q1    
49  2021     4   0.613         38     1 2021Q1    
50  2021     5   0.615         38     1 2021Q1    
51  2021     6   0.593         38     1 2021Q1    
52  2021     7   0.590         38     1 2021Q1    
53  2021     8   0.579         38     1 2021Q1    
54  2021     9   0.573         38     1 2021Q1    
55  2021    10   0.571         38     1 2021Q1    
56  2021    11   0.566         38     1 2021Q1    
57  2021    12   0.575         38     1 2021Q1    
58  2021    13   0.585         38     1 2021Q1    
59  2021    14   0.583         38     2 2021Q2    
60  2021    15   0.564         38     2 2021Q2    
61  2021    16   0.544         38     2 2021Q2    
62  2021    17   0.533         38     2 2021Q2    
63  2021    18   0.515         38     2 2021Q2    
64  2021    19   0.491         38     2 2021Q2    
65  2021    20   0.474         38     2 2021Q2    
66  2021    21   0.466         38     2 2021Q2    
67  2021    22   0.450         38     2 2021Q2    
68  2021    23   0.436         38     2 2021Q2    
69  2021    24   0.425         38     2 2021Q2    
70  2021    25   0.415         38     2 2021Q2    
71  2021    26   0.377         38     2 2021Q2    
72  2021    27   0.355         38     3 2021Q3    
73  2021    28   0.354         38     3 2021Q3    
74  2021    29   0.350         38     3 2021Q3    
75  2021    30   0.349         38     3 2021Q3    
76  2021    31   0.342         38     3 2021Q3    
77  2021    32   0.347         38     3 2021Q3    
78  2021    33   0.361         38     3 2021Q3    
79  2021    34   0.358         38     3 2021Q3    
80  2021    35   0.356         38     3 2021Q3    
81  2021    36   0.340         38     3 2021Q3    
82  2021    37   0.342         38     3 2021Q3    
83  2021    38   0.338         38     3 2021Q3    
84  2021    39   0.323         38     3 2021Q3    
85  2021    40   0.315         38     4 2021Q4    
86  2021    41   0.317         38     4 2021Q4    
87  2021    42   0.320         38     4 2021Q4    
88  2021    43   0.319         38     4 2021Q4    
89  2021    44   0.319         38     4 2021Q4    
90  2021    45   0.320         38     4 2021Q4    
91  2021    46   0.332         38     4 2021Q4    
92  2021    47   0.340         38     4 2021Q4    
93  2021    48   0.351         38     4 2021Q4    isoyr isowk S_oecd_w n_country   qtr quarter_id
   <dbl> <int>    <dbl>     <int> <dbl> <chr>     
 1  2020     9   0.0550        35     1 2020Q1    
 2  2020    10   0.0885        38     1 2020Q1    
 3  2
=== QUARTERLY OECD-average stringency ===
(a) mean of weekly OECD means | (b) pooled country-week mean
# A tibble: 8 × 5
  quarter_id S_q_from_weekly n_weeks S_q_pooled  n_cw
  <chr>                <dbl>   <int>      <dbl> <int>
1 2020Q1               0.320       5      0.325   187
2 2020Q2               0.608      13      0.608   494
3 2020Q3               0.421      13      0.421   494
4 2020Q4               0.521      14      0.521   532
5 2021Q1               0.592      13      0.592   494
6 2021Q2               0.482      13      0.482   494
7 2021Q3               0.347      13      0.347   494
8 2021Q4               0.335      13      0.334   459

Written: S_weekly_oecd.csv, S_quarterly_oecd.csv
 [1] "Country"             "isoyr"               "isowk"               "date"                "theta_hat"           "p_proj"              "excess"             
 [8] "excess_pm"           "deaths_confirmed_pm" "wave_coarse"         "S_daily_mean"        "theta_lead1"         "theta_lead2"         "theta_lead3"        
[15] "theta_lead4"         "d_lead1_excpm"       "d_lead2_excpm"       "d_lead3_excpm"       "d_lead4_excpm"       "d_lead1_confpm"      "d_lead1_pproj"      
[22] "St_x_th"            
 [1] "CountryName"                            "CountryCode"                            "RegionName"                            
 [4] "RegionCode"                             "Jurisdiction"                           "Date"                                  
 [7] "C1E_School.closing"                     "C1E_Flag"                               "C1NV_School.closing"                   
[10] "C1NV_Flag"                              "C1V_School.closing"                     "C1V_Flag"                              
[13] "C1M_School.closing"                     "C1M_Flag"                               "C1_Notes"                              
[16] "C2E_Workplace.closing"                  "C2E_Flag"                               "C2NV_Workplace.closing"                
[19] "C2NV_Flag"                              "C2V_Workplace.closing"                  "C2V_Flag"                              
[22] "C2M_Workplace.closing"                  "C2M_Flag"                               "C2_Notes"                              
[25] "C3E_Cancel.public.events"               "C3E_Flag"                               "C3NV_Cancel.public.events"             
[28] "C3NV_Flag"                              "C3V_Cancel.public.events"               "C3V_Flag"                              
[31] "C3M_Cancel.public.events"               "C3M_Flag"                               "C3_Notes"                              
[34] "C4E_Restrictions.on.gatherings"         "C4E_Flag"                               "C4NV_Restrictions.on.gatherings"       
[37] "C4NV_Flag"                              "C4V_Restrictions.on.gatherings"         "C4V_Flag"                              
[40] "C4M_Restrictions.on.gatherings"         "C4M_Flag"                               "C4_Notes"                              
[43] "C5E_Close.public.transport"             "C5E_Flag"                               "C5NV_Close.public.transport"           
[46] "C5NV_Flag"                              "C5V_Close.public.transport"             "C5V_Flag"                              
[49] "C5M_Close.public.transport"             "C5M_Flag"                               "C5_Notes"                              
[52] "C6E_Stay.at.home.requirements"          "C6E_Flag"                               "C6NV_Stay.at.home.requirements"        
[55] "C6NV_Flag"                              "C6V_Stay.at.home.requirements"          "C6V_Flag"                              
[58] "C6M_Stay.at.home.requirements"          "C6M_Flag"                               "C6_Notes"                              
[61] "C7E_Restrictions.on.internal.movement"  "C7E_Flag"                               "C7NV_Restrictions.on.internal.movement"
[64] "C7NV_Flag"                              "C7V_Restrictions.on.internal.movement"  "C7V_Flag"                              
[67] "C7M_Restrictions.on.internal.movement"  "C7M_Flag"                               "C7_Notes"                              
[70] "C8E_International.travel.controls"      "C8NV_International.travel.controls"     "C8V_International.travel.controls"     
[73] "C8EV_International.travel.controls"     "C8_Notes"                               "E1E_Income.support"                    
[76] "E1E_Flag"                               "E1_Notes"                               "E2E_Debt.contract.relief"              
[79] "E2_Notes"                               "E3E_Fiscal.measures"                    "E3_Notes"                              
[82] "E4E_International.support"              "E4_Notes"                               "H1E_Public.information.campaigns"      
[85] "H1E_Flag"                               "H1_Notes"                               "H2E_Testing.policy"                    
[88] "H2_Notes"                               "H3E_Contact.tracing"                    "H3_Notes"                              
[91] "H4E_Emergency.investment.in.healthcare" "H4_Notes"                               "H5E_Investment.in.vaccines"            
[94] "H5_Notes"                               "H6E_Facial.Coverings"                   "H6E_Flag"                              
[97] "H6NV_Facial.Coverings"                  "H6NV_Flag"                              "H6V_Facial.Coverings"                  
 [ reached 'max' / getOption("max.print") -- omitted 61 entries ]
 [1] "Country"                                 "Date"                                    "StringencyIndex_PopWeighted"            
 [4] "StringencyH1_PopWeighted"                "ControlIndex_PopWeighted"                "ContainmentHealthIndex_PopWeighted"     
 [7] "StringencyIndex_NV"                      "StringencyIndex_V"                       "StringencyH1_NV"                        
[10] "StringencyH1_V"                          "ControlIndex_NV"                         "ControlIndex_V"                         
[13] "StringencyIndex_NonVaccinated"           "StringencyIndex_Vaccinated"              "StringencyIndex_SimpleAverage"          
[16] "StringencyIndex_WeightedAverage"         "ContainmentHealthIndex_NonVaccinated"    "ContainmentHealthIndex_Vaccinated"      
[19] "ContainmentHealthIndex_SimpleAverage"    "ContainmentHealthIndex_WeightedAverage"  "GovernmentResponseIndex_NonVaccinated"  
[22] "GovernmentResponseIndex_Vaccinated"      "GovernmentResponseIndex_SimpleAverage"   "GovernmentResponseIndex_WeightedAverage"
[25] "PopulationVaccinated"                    "vax_rate"                                "C1_NV_adj"                              
[28] "C2_NV_adj"                               "C3_NV_adj"                               "C4_NV_adj"                              
[31] "C5_NV_adj"                               "C6_NV_adj"                               "C7_NV_adj"                              
[34] "C8_NV_adj"                               "C1_V_adj"                                "C2_V_adj"                               
[37] "C3_V_adj"                                "C4_V_adj"                                "C5_V_adj"                               
[40] "C6_V_adj"                                "C7_V_adj"                                "C8_V_adj"                               
[43] "H1_adj"                                  "H2_adj"                                  "H3_adj"                                 
[46] "H6_PopWeighted"                          "H7_adj"                                  "H8_PopWeighted"                         
[49] "Year"                                    "Quarter_Num"                             "Quarter"                                
 [1] "CountryName"                            "CountryCode"                            "RegionName"                            
 [4] "RegionCode"                             "Jurisdiction"                           "Date"                                  
 [7] "C1E_School.closing"                     "C1E_Flag"                               "C1NV_School.closing"                   
[10] "C1NV_Flag"                              "C1V_School.closing"                     "C1V_Flag"                              
[13] "C1M_School.closing"                     "C1M_Flag"                               "C1_Notes"                              
[16] "C2E_Workplace.closing"                  "C2E_Flag"                               "C2NV_Workplace.closing"                
[19] "C2NV_Flag"                              "C2V_Workplace.closing"                  "C2V_Flag"                              
[22] "C2M_Workplace.closing"                  "C2M_Flag"                               "C2_Notes"                              
[25] "C3E_Cancel.public.events"               "C3E_Flag"                               "C3NV_Cancel.public.events"             
[28] "C3NV_Flag"                              "C3V_Cancel.public.events"               "C3V_Flag"                              
[31] "C3M_Cancel.public.events"               "C3M_Flag"                               "C3_Notes"                              
[34] "C4E_Restrictions.on.gatherings"         "C4E_Flag"                               "C4NV_Restrictions.on.gatherings"       
[37] "C4NV_Flag"                              "C4V_Restrictions.on.gatherings"         "C4V_Flag"                              
[40] "C4M_Restrictions.on.gatherings"         "C4M_Flag"                               "C4_Notes"                              
[43] "C5E_Close.public.transport"             "C5E_Flag"                               "C5NV_Close.public.transport"           
[46] "C5NV_Flag"                              "C5V_Close.public.transport"             "C5V_Flag"                              
[49] "C5M_Close.public.transport"             "C5M_Flag"                               "C5_Notes"                              
[52] "C6E_Stay.at.home.requirements"          "C6E_Flag"                               "C6NV_Stay.at.home.requirements"        
[55] "C6NV_Flag"                              "C6V_Stay.at.home.requirements"          "C6V_Flag"                              
[58] "C6M_Stay.at.home.requirements"          "C6M_Flag"                               "C6_Notes"                              
[61] "C7E_Restrictions.on.internal.movement"  "C7E_Flag"                               "C7NV_Restrictions.on.internal.movement"
[64] "C7NV_Flag"                              "C7V_Restrictions.on.internal.movement"  "C7V_Flag"                              
[67] "C7M_Restrictions.on.internal.movement"  "C7M_Flag"                               "C7_Notes"                              
[70] "C8E_International.travel.controls"      "C8NV_International.travel.controls"     "C8V_International.travel.controls"     
[73] "C8EV_International.travel.controls"     "C8_Notes"                               "E1E_Income.support"                    
[76] "E1E_Flag"                               "E1_Notes"                               "E2E_Debt.contract.relief"              
[79] "E2_Notes"                               "E3E_Fiscal.measures"                    "E3_Notes"                              
[82] "E4E_International.support"              "E4_Notes"                               "H1E_Public.information.campaigns"      
[85] "H1E_Flag"                               "H1_Notes"                               "H2E_Testing.policy"                    
[88] "H2_Notes"                               "H3E_Contact.tracing"                    "H3_Notes"                              
[91] "H4E_Emergency.investment.in.healthcare" "H4_Notes"                               "H5E_Investment.in.vaccines"            
[94] "H5_Notes"                               "H6E_Facial.Coverings"                   "H6E_Flag"                              
[97] "H6NV_Facial.Coverings"                  "H6NV_Flag"                              "H6V_Facial.Coverings"                  
 [ reached 'max' / getOption("max.print") -- omitted 61 entries ]
 [1] "Country"             "isoyr"               "isowk"               "S_mean"              "S_max"               "n_days"              "date"               
 [8] "time"                "p_proj"              "excess"              "expected"            "observed"            "p_15_64"             "p_65_74"            
[15] "p_75_84"             "p_85p"               "cases_w"             "deaths_w"            "pop_th"              "pop"                 "excess_pm"          
[22] "deaths_confirmed_pm" "cases_pm"            "wave"                "wave_label"          "wave_coarse"         "ifr"                 "ifr_lo"             
[29] "ifr_hi"              "rho_w"               "rho_w_lo"            "rho_w_hi"            "d_pc"                "d_lead2"             "d_lead3"            
[36] "d_lead4"             "theta_hat"           "theta_hat_l2"        "theta_hat_l4"        "theta_hat_next"      "theta_predicted"     "theta_hat_ifr_lo"   
[43] "theta_hat_ifr_hi"   

=== CASES transition, CONSTANT rho ===
OLS estimation, Dep. Var.: cases_lead1
Observations: 5,564
Fixed-effects: Country: 38
Standard-errors: Clustered (Country) 
           Estimate Std. Error  t value    Pr(>|t|)    
cases_pm   0.852457   0.012990 65.62276   < 2.2e-16 ***
S_x_cases 27.819980   6.298479  4.41694 0.000083994 ***
---
Signif. codes:  0 '***' 0.001 '**' 0.01 '*' 0.05 '.' 0.1 ' ' 1
RMSE: 1,854.1     Adj. R2: 0.875339
                Within R2: 0.871101

=== CASES transition, WAVE-SPECIFIC rho ===
OLS estimation, Dep. Var.: cases_lead1
Observations: 5,564
Fixed-effects: Country: 38
Standard-errors: Clustered (Country) 
                             Estimate Std. Error  t value       Pr(>|t|)    
wave_coarse::Wave1:cases_pm  0.560167   0.080209  6.98381 0.000000029792 ***
wave_coarse::Wave2:cases_pm  0.678487   0.039192 17.31185      < 2.2e-16 ***
wave_coarse::Wave3:cases_pm  0.935070   0.042699 21.89901      < 2.2e-16 ***
wave_coarse::Wave4:cases_pm  0.832939   0.012815 64.99928      < 2.2e-16 ***
S_x_cases                   34.412680   6.524453  5.27442 0.000006025506 ***
---
Signif. codes:  0 '***' 0.001 '**' 0.01 '*' 0.05 '.' 0.1 ' ' 1
RMSE: 1,841.7     Adj. R2: 0.876925
                Within R2: 0.87281 

=== CASES transition, CONSTANT rho ===
OLS estimation, Dep. Var.: cases_lead1
Observations: 5,564
Fixed-effects: Country: 38
Standard-errors: Clustered (Country) 
           Estimate Std. Error  t value    Pr(>|t|)    
cases_pm   0.852457   0.012990 65.62276   < 2.2e-16 ***
S_x_cases 27.819980   6.298479  4.41694 0.000083994 ***
---
Signif. codes:  0 '***' 0.001 '**' 0.01 '*' 0.05 '.' 0.1 ' ' 1
RMSE: 1,854.1     Adj. R2: 0.875339
                Within R2: 0.871101

=== CASES transition, WAVE-SPECIFIC rho ===
OLS estimation, Dep. Var.: cases_lead1
Observations: 5,564
Fixed-effects: Country: 38
Standard-errors: Clustered (Country) 
                             Estimate Std. Error  t value       Pr(>|t|)    
wave_coarse::Wave1:cases_pm  0.560167   0.080209  6.98381 0.000000029792 ***
wave_coarse::Wave2:cases_pm  0.678487   0.039192 17.31185      < 2.2e-16 ***
wave_coarse::Wave3:cases_pm  0.935070   0.042699 21.89901      < 2.2e-16 ***
wave_coarse::Wave4:cases_pm  0.832939   0.012815 64.99928      < 2.2e-16 ***
S_x_cases                   34.412680   6.524453  5.27442 0.000006025506 ***
---
Signif. codes:  0 '***' 0.001 '**' 0.01 '*' 0.05 '.' 0.1 ' ' 1
RMSE: 1,841.7     Adj. R2: 0.876925
                Within R2: 0.87281 

=== IMPLIED STRUCTURAL PARAMETERS (constant-rho spec) ===
  rho_hat   = 0.8525
  phi_S_hat = -32.6350   (literature plausible range: 0.6 - 0.8)
  -> phi_S outside the expected band; interpret with caution.

  Constant-rho within-R2: 0.871
  Wave-rho   within-R2: 0.873
  (High R2 + plausible phi_S = containment explains cases. Low R2 or
   implausible phi_S = it does not — the waves come from elsewhere.)

=== Testing-bias diagnostic: cases_pm / excess_pm by wave ===
(If this ratio rises sharply across waves, confirmed cases are
 increasingly capturing infections — i.e. early undertesting biases rho.)
# A tibble: 4 × 2
  wave_coarse mean_case_to_excess
  <chr>                     <dbl>
1 Wave1                      42.3
2 Wave2                     246. 
3 Wave3                     111. 
4 Wave4                     671. 

=== SPEC A: CP-stock x S level (clustered SE) ===

t test of coefficients:

                             Estimate  Std. Error t value      Pr(>|t|)    
y_lag1                     0.23115290  0.04919961  4.6983 0.00000369548 ***
S_mean_tw                 -0.09646051  0.01591031 -6.0628 0.00000000328 ***
F_CP_above_flow_lag2       0.54325337  0.18752721  2.8969      0.003991 ** 
F_CP_belowstock            0.23913762  0.23718939  1.0082      0.314005    
F_DI_lag1                  1.47546330  0.54975669  2.6838      0.007602 ** 
S_mean_tw:F_CP_belowstock  0.00080594  0.00584536  0.1379      0.890412    
S_mean_tw:F_DI_lag1       -0.04065910  0.01405646 -2.8926      0.004045 ** 
---
Signif. codes:  0 ‘***’ 0.001 ‘**’ 0.01 ‘*’ 0.05 ‘.’ 0.1 ‘ ’ 1


  dY/dCP at S=0  (fully open)   = NA
  dY/dCP at S=30 (mild)         = NA
  dY/dCP at S=60 (full lockdown)= NA
  Thesis supported if the effect RISES as S falls (b_cpS < 0).

=== SPEC B: CP-stock x dS (reopening = dS<0) (clustered SE) ===
  Thesis supported if CP:dS is NEGATIVE (CP helps more as S drops).

=== SPEC A: CP-stock x S level (clustered SE) ===

t test of coefficients:

                             Estimate  Std. Error t value      Pr(>|t|)    
y_lag1                     0.23115290  0.04919961  4.6983 0.00000369548 ***
S_mean_tw                 -0.09646051  0.01591031 -6.0628 0.00000000328 ***
F_CP_above_flow_lag2       0.54325337  0.18752721  2.8969      0.003991 ** 
F_CP_belowstock            0.23913762  0.23718939  1.0082      0.314005    
F_DI_lag1                  1.47546330  0.54975669  2.6838      0.007602 ** 
S_mean_tw:F_CP_belowstock  0.00080594  0.00584536  0.1379      0.890412    
S_mean_tw:F_DI_lag1       -0.04065910  0.01405646 -2.8926      0.004045 ** 
---
Signif. codes:  0 ‘***’ 0.001 ‘**’ 0.01 ‘*’ 0.05 ‘.’ 0.1 ‘ ’ 1


  dY/dCP at S=0  (fully open)   = NA
  dY/dCP at S=30 (mild)         = NA
  dY/dCP at S=60 (full lockdown)= NA
  Thesis supported if the effect RISES as S falls (b_cpS < 0).

=== SPEC A: CP-stock x S level (clustered SE) ===

t test of coefficients:

                            Estimate Std. Error t value           Pr(>|t|)    
y_lag1                     0.4540493  0.0588683  7.7130 0.0000000000001196 ***
S_mean_tw                 -0.0395621  0.0148137 -2.6706           0.007911 ** 
F_CP_above_flow_lag2       0.1201129  0.1444335  0.8316           0.406174    
F_CP_belowstock            0.1084316  0.2235120  0.4851           0.627879    
F_DI_lag1                 -0.2227452  0.4750253 -0.4689           0.639414    
S_mean_tw:F_CP_belowstock -0.0015242  0.0051248 -0.2974           0.766313    
S_mean_tw:F_DI_lag1        0.0034101  0.0092088  0.3703           0.711371    
---
Signif. codes:  0 ‘***’ 0.001 ‘**’ 0.01 ‘*’ 0.05 ‘.’ 0.1 ‘ ’ 1


t test of coefficients:

                                 Estimate Std. Error t value            Pr(>|t|)    
y_lag1                          0.2353140  0.0507028  4.6410 0.00000480359061529 ***
S_mean_tw                      -0.0979925  0.0123077 -7.9619 0.00000000000002052 ***
F_CP_belowstock                 0.2754523  0.1435852  1.9184            0.055823 .  
F_DI_lag1                       1.5601162  0.5421154  2.8778            0.004234 ** 
S_mean_tw:F_CP_above_flow_lag2  0.0132579  0.0049431  2.6821            0.007641 ** 
S_mean_tw:F_DI_lag1            -0.0418681  0.0137039 -3.0552            0.002410 ** 
---
Signif. codes:  0 ‘***’ 0.001 ‘**’ 0.01 ‘*’ 0.05 ‘.’ 0.1 ‘ ’ 1

 [1] "Country"                     "Quarter"                     "year_only"                   "quarter_only"                "y_t_pct"                    
 [6] "y_t"                         "QReal.GDP.Growth_gr"         "d_t_pct"                     "d_t_pct_r"                   "d_t"                        
[11] "DebtN_share2019"             "DebtR_share2019"             "DebtN_share2019_growth"      "DebtR_share2019_growth"      "Qpopulation_th"             
[16] "nGDP_2019_an"                "inflation_index"             "vax_rate"                    "rGDP_pc_2019"                "debt_2019"                  
[21] "StringencyIndex_PopWeighted" "p_proj_all_ages"             "excess.deaths_a"             "ConfirmedDeaths.a"           "p_avg_all_ages"             
[26] "pop_2019"                    "theta_mean"                  "theta_mean_l2"               "theta_mean_l4"               "theta_mean_lo"              
[31] "theta_mean_hi"               "wave_dominant"               "freq_source"                 "F_CP"                        "F_DI"                       
[36] "F_H"                         "F_total"                     "CP_share"                    "DI_share"                    "n_measures_CP"              
[41] "n_measures_DI"               "S_mean_pw"                   "S_max_pw"                    "S_sd"                        "hosp_new_pm"                
[46] "icu_occ_pm"                  "hosp_occ_pm"                 "mob_grocery"                 "mob_parks"                   "mob_residential"            
[51] "mob_retail"                  "mob_transit"                 "mob_workplaces"              "quarter_num"                 "date"                       
[56] "S_mean_tw"                   "S_max_tw"                    "S_sd_tw"                     "theta_pct"                   "S_lag1"                     
[61] "S_lag2"                      "S_lead1"                     "F_DI_lag1"                   "F_DI_lag2"                   "F_DI_lag3"                  
[66] "F_CP_lag1"                   "F_CP_lag2"                   "F_CP_lead1"                  "theta_lag1"                  "y_lag1"                     
[71] "y_lead1"                     "p_p_lag1"                    "p_a_lag1"                    "F_CP_above_3"                "F_CP_loans"                 
[76] "F_CP_guar"                   "F_CP_guar_lo"                "F_CP_guar_mid"               "F_CP_guar_hi"                "F_CP_adj_lo"                
[81] "F_CP_adj_mid"                "F_CP_adj_hi"                 "F_CP_guar_adj"               "F_DI_transfers"              "F_DI_demand"                
[86] "F_DI_tax"                    "F_H_supply"                  "F_H_infra"                   "F_DI_transfers_lag2"         "F_DI_demand_lag2"           
[91] "F_DI_tax_lag2"               "t_idx"                       "S_high"                      "S_y_lag"                     "S_FCP"                      
[96] "half_year"                   "debt_dR"                     "y_lag1_recession"            "F_CP_cum"                   
 [ reached 'max' / getOption("max.print") -- omitted 19 entries ]

t test of coefficients:

                                Estimate Std. Error t value            Pr(>|t|)    
y_lag1                          0.231498   0.050857  4.5519 0.00000720561629189 ***
S_mean_tw                      -0.099675   0.012715 -7.8393 0.00000000000004794 ***
F_CP_above_flow_lag2           -0.382217   0.441750 -0.8652            0.387466    
F_CP_belowstock                 0.285331   0.147102  1.9397            0.053171 .  
F_DI_lag1                       1.637202   0.585431  2.7966            0.005432 ** 
S_mean_tw:F_CP_above_flow_lag2  0.021194   0.011478  1.8464            0.065627 .  
S_mean_tw:F_DI_lag1            -0.043100   0.014088 -3.0593            0.002379 ** 
---
Signif. codes:  0 ‘***’ 0.001 ‘**’ 0.01 ‘*’ 0.05 ‘.’ 0.1 ‘ ’ 1


t test of coefficients:

                                Estimate Std. Error t value    Pr(>|t|)    
y_lag1                          0.191473   0.045226  4.2337 0.000028987 ***
S_mean_tw                      -0.065158   0.013068 -4.9863 0.000000945 ***
F_CP_above_flow_lag1            1.876999   0.876065  2.1425    0.032797 *  
F_CP_belowstock                 0.230597   0.140161  1.6452    0.100765    
F_DI_lag1                       0.914096   0.685208  1.3340    0.183004    
S_mean_tw:F_CP_above_flow_lag1 -0.060543   0.018356 -3.2983    0.001066 ** 
S_mean_tw:F_DI_lag1            -0.025014   0.015169 -1.6490    0.099981 .  
---
Signif. codes:  0 ‘***’ 0.001 ‘**’ 0.01 ‘*’ 0.05 ‘.’ 0.1 ‘ ’ 1


t test of coefficients:

                           Estimate Std. Error t value    Pr(>|t|)    
y_lag1                     0.201872   0.046809  4.3127 0.000020671 ***
S_mean_tw                 -0.066237   0.013515 -4.9010 0.000001424 ***
F_CP_above_flow            1.517706   0.417092  3.6388   0.0003125 ***
F_CP_belowstock            0.141480   0.131252  1.0779   0.2817619    
F_DI_lag1                  1.189464   0.555832  2.1400   0.0330055 *  
S_mean_tw:F_CP_above_flow -0.055860   0.013191 -4.2347 0.000028853 ***
S_mean_tw:F_DI_lag1       -0.033080   0.013692 -2.4161   0.0161694 *  
---
Signif. codes:  0 ‘***’ 0.001 ‘**’ 0.01 ‘*’ 0.05 ‘.’ 0.1 ‘ ’ 1


t test of coefficients:

                           Estimate Std. Error t value     Pr(>|t|)    
y_lag1                     0.235469   0.047321  4.9759 0.0000009934 ***
S_mean_tw                 -0.056617   0.011972 -4.7290 0.0000032056 ***
F_CP_above_flow            2.052721   0.523679  3.9198    0.0001054 ***
F_CP_below                -0.374415   0.084672 -4.4220 0.0000128470 ***
F_DI_lag1                  1.154309   0.557132  2.0719    0.0389637 *  
S_mean_tw:F_CP_above_flow -0.062651   0.014489 -4.3240 0.0000196854 ***
S_mean_tw:F_DI_lag1       -0.031777   0.012839 -2.4749    0.0137698 *  
---
Signif. codes:  0 ‘***’ 0.001 ‘**’ 0.01 ‘*’ 0.05 ‘.’ 0.1 ‘ ’ 1


t test of coefficients:

                           Estimate Std. Error t value     Pr(>|t|)    
y_lag1                     0.144073   0.053396  2.6982      0.00737 ** 
S_mean_tw                 -0.073663   0.014407 -5.1130 0.0000005691 ***
F_CP_above_flow            2.832802   1.909123  1.4838      0.13892    
F_CP_below_lag1            0.049037   0.052457  0.9348      0.35065    
F_DI_lag1                  1.049152   0.486226  2.1577      0.03175 *  
S_mean_tw:F_CP_above_flow -0.077868   0.037006 -2.1042      0.03620 *  
S_mean_tw:F_DI_lag1       -0.031736   0.013070 -2.4281      0.01577 *  
---
Signif. codes:  0 ‘***’ 0.001 ‘**’ 0.01 ‘*’ 0.05 ‘.’ 0.1 ‘ ’ 1


t test of coefficients:

                           Estimate Std. Error t value     Pr(>|t|)    
y_lag1                     0.144073   0.053396  2.6982      0.00737 ** 
S_mean_tw                 -0.073663   0.014407 -5.1130 0.0000005691 ***
F_CP_above_flow            2.832802   1.909123  1.4838      0.13892    
F_CP_below_lag1            0.049037   0.052457  0.9348      0.35065    
F_DI_lag1                  1.049152   0.486226  2.1577      0.03175 *  
S_mean_tw:F_CP_above_flow -0.077868   0.037006 -2.1042      0.03620 *  
S_mean_tw:F_DI_lag1       -0.031736   0.013070 -2.4281      0.01577 *  
---
Signif. codes:  0 ‘***’ 0.001 ‘**’ 0.01 ‘*’ 0.05 ‘.’ 0.1 ‘ ’ 1


t test of coefficients:

                        Estimate Std. Error t value     Pr(>|t|)    
y_lag1                  0.197632   0.046215  4.2764 0.0000241450 ***
S_mean_tw              -0.063746   0.012608 -5.0558 0.0000006725 ***
F_CP_above_3            1.529931   0.421636  3.6286    0.0003246 ***
F_DI_lag1               1.260418   0.558341  2.2574    0.0245571 *  
S_mean_tw:F_CP_above_3 -0.056611   0.013426 -4.2166 0.0000311430 ***
S_mean_tw:F_DI_lag1    -0.034370   0.013279 -2.5883    0.0100223 *  
---
Signif. codes:  0 ‘***’ 0.001 ‘**’ 0.01 ‘*’ 0.05 ‘.’ 0.1 ‘ ’ 1


t test of coefficients:

                      Estimate Std. Error t value      Pr(>|t|)    
y_lag1               0.2285097  0.0472041  4.8409 0.00000189458 ***
S_mean_tw           -0.0606301  0.0114600 -5.2906 0.00000020807 ***
F_CP                 0.5422382  0.1511007  3.5886     0.0003767 ***
F_DI_lag1            1.2834394  0.5146186  2.4940     0.0130637 *  
S_mean_tw:F_CP      -0.0218160  0.0037458 -5.8241 0.00000001238 ***
S_mean_tw:F_DI_lag1 -0.0348430  0.0115897 -3.0064     0.0028222 ** 
---
Signif. codes:  0 ‘***’ 0.001 ‘**’ 0.01 ‘*’ 0.05 ‘.’ 0.1 ‘ ’ 1


t test of coefficients:

                      Estimate Std. Error t value      Pr(>|t|)    
y_lag1               0.2285097  0.0472041  4.8409 0.00000189458 ***
S_mean_tw           -0.0606301  0.0114600 -5.2906 0.00000020807 ***
F_CP                 0.5422382  0.1511007  3.5886     0.0003767 ***
F_DI_lag1            1.2834394  0.5146186  2.4940     0.0130637 *  
S_mean_tw:F_CP      -0.0218160  0.0037458 -5.8241 0.00000001238 ***
S_mean_tw:F_DI_lag1 -0.0348430  0.0115897 -3.0064     0.0028222 ** 
---
Signif. codes:  0 ‘***’ 0.001 ‘**’ 0.01 ‘*’ 0.05 ‘.’ 0.1 ‘ ’ 1


t test of coefficients:

                      Estimate Std. Error t value      Pr(>|t|)    
y_lag1               0.2285097  0.0472041  4.8409 0.00000189458 ***
S_mean_tw           -0.0606301  0.0114600 -5.2906 0.00000020807 ***
F_CP                 0.5422382  0.1511007  3.5886     0.0003767 ***
F_DI_lag1            1.2834394  0.5146186  2.4940     0.0130637 *  
S_mean_tw:F_CP      -0.0218160  0.0037458 -5.8241 0.00000001238 ***
S_mean_tw:F_DI_lag1 -0.0348430  0.0115897 -3.0064     0.0028222 ** 
---
Signif. codes:  0 ‘***’ 0.001 ‘**’ 0.01 ‘*’ 0.05 ‘.’ 0.1 ‘ ’ 1


t test of coefficients:

                         Estimate Std. Error t value     Pr(>|t|)    
y_lag1                  0.2376060  0.0473296  5.0202 0.0000008019 ***
S_mean_tw              -0.0524384  0.0118463 -4.4265 0.0000125999 ***
F_CP_above_3            1.3390802  0.4611548  2.9038    0.0039072 ** 
F_CP_below              0.3673817  0.2280513  1.6110    0.1080364    
F_DI_lag1               1.0951354  0.5168831  2.1187    0.0347756 *  
S_mean_tw:F_CP_above_3 -0.0474971  0.0136447 -3.4810    0.0005589 ***
S_mean_tw:F_CP_below   -0.0170895  0.0047968 -3.5627    0.0004148 ***
S_mean_tw:F_DI_lag1    -0.0304434  0.0117147 -2.5987    0.0097286 ** 
---
Signif. codes:  0 ‘***’ 0.001 ‘**’ 0.01 ‘*’ 0.05 ‘.’ 0.1 ‘ ’ 1


t test of coefficients:

                           Estimate Std. Error t value   Pr(>|t|)    
y_lag1                     0.202206   0.046730  4.3271 0.00001944 ***
S_mean_tw                 -0.069133   0.017390 -3.9754 0.00008443 ***
F_CP_above_3               1.528458   0.420096  3.6384  0.0003131 ***
F_CP_belowstock            0.092320   0.230299  0.4009  0.6887455    
F_DI_lag1                  1.199651   0.536972  2.2341  0.0260698 *  
S_mean_tw:F_CP_above_3    -0.056061   0.013283 -4.2205 0.00003067 ***
S_mean_tw:F_CP_belowstock  0.001799   0.006149  0.2926  0.7700189    
S_mean_tw:F_DI_lag1       -0.033238   0.013435 -2.4739  0.0138089 *  
---
Signif. codes:  0 ‘***’ 0.001 ‘**’ 0.01 ‘*’ 0.05 ‘.’ 0.1 ‘ ’ 1


t test of coefficients:

                         Estimate Std. Error t value     Pr(>|t|)    
y_lag1                  0.2376060  0.0473296  5.0202 0.0000008019 ***
S_mean_tw              -0.0524384  0.0118463 -4.4265 0.0000125999 ***
F_CP_above_3            1.3390802  0.4611548  2.9038    0.0039072 ** 
F_CP_below              0.3673817  0.2280513  1.6110    0.1080364    
F_DI_lag1               1.0951354  0.5168831  2.1187    0.0347756 *  
S_mean_tw:F_CP_above_3 -0.0474971  0.0136447 -3.4810    0.0005589 ***
S_mean_tw:F_CP_below   -0.0170895  0.0047968 -3.5627    0.0004148 ***
S_mean_tw:F_DI_lag1    -0.0304434  0.0117147 -2.5987    0.0097286 ** 
---
Signif. codes:  0 ‘***’ 0.001 ‘**’ 0.01 ‘*’ 0.05 ‘.’ 0.1 ‘ ’ 1

 [1] "Country"                     "Quarter"                     "year_only"                   "quarter_only"                "y_t_pct"                    
 [6] "y_t"                         "QReal.GDP.Growth_gr"         "d_t_pct"                     "d_t_pct_r"                   "d_t"                        
[11] "DebtN_share2019"             "DebtR_share2019"             "DebtN_share2019_growth"      "DebtR_share2019_growth"      "Qpopulation_th"             
[16] "nGDP_2019_an"                "inflation_index"             "vax_rate"                    "rGDP_pc_2019"                "debt_2019"                  
[21] "StringencyIndex_PopWeighted" "p_proj_all_ages"             "excess.deaths_a"             "ConfirmedDeaths.a"           "p_avg_all_ages"             
[26] "pop_2019"                    "theta_mean"                  "theta_mean_l2"               "theta_mean_l4"               "theta_mean_lo"              
[31] "theta_mean_hi"               "wave_dominant"               "freq_source"                 "F_CP"                        "F_DI"                       
[36] "F_H"                         "F_total"                     "CP_share"                    "DI_share"                    "n_measures_CP"              
[41] "n_measures_DI"               "S_mean_pw"                   "S_max_pw"                    "S_sd"                        "hosp_new_pm"                
[46] "icu_occ_pm"                  "hosp_occ_pm"                 "mob_grocery"                 "mob_parks"                   "mob_residential"            
[51] "mob_retail"                  "mob_transit"                 "mob_workplaces"              "quarter_num"                 "date"                       
[56] "S_mean_tw"                   "S_max_tw"                    "S_sd_tw"                     "theta_pct"                   "S_lag1"                     
[61] "S_lag2"                      "S_lead1"                     "F_DI_lag1"                   "F_DI_lag2"                   "F_DI_lag3"                  
[66] "F_CP_lag1"                   "F_CP_lag2"                   "F_CP_lead1"                  "theta_lag1"                  "y_lag1"                     
[71] "y_lead1"                     "p_p_lag1"                    "p_a_lag1"                    "F_CP_above_3"                "F_CP_loans"                 
[76] "F_CP_guar"                   "F_CP_guar_lo"                "F_CP_guar_mid"               "F_CP_guar_hi"                "F_CP_adj_lo"                
[81] "F_CP_adj_mid"                "F_CP_adj_hi"                 "F_CP_guar_adj"               "F_DI_transfers"              "F_DI_demand"                
[86] "F_DI_tax"                    "F_H_supply"                  "F_H_infra"                   "F_DI_transfers_lag2"         "F_DI_demand_lag2"           
[91] "F_DI_tax_lag2"               "t_idx"                       "S_high"                      "S_y_lag"                     "S_FCP"                      
[96] "half_year"                   "debt_dR"                     "y_lag1_recession"            "F_CP_cum"                   
 [ reached 'max' / getOption("max.print") -- omitted 19 entries ]

t test of coefficients:

                       Estimate Std. Error t value    Pr(>|t|)    
y_lag1                0.2225303  0.0471523  4.7194 0.000003351 ***
S_mean_tw            -0.0666674  0.0115389 -5.7776 0.000000016 ***
F_CP_above_3         -0.4855653  0.2126589 -2.2833    0.022974 *  
F_CP_below            0.6391818  0.2621918  2.4378    0.015242 *  
F_DI_lag1             1.3666280  0.5065674  2.6978    0.007296 ** 
S_mean_tw:F_CP_below -0.0226543  0.0050032 -4.5280 0.000008024 ***
S_mean_tw:F_DI_lag1  -0.0374725  0.0115803 -3.2359    0.001321 ** 
---
Signif. codes:  0 ‘***’ 0.001 ‘**’ 0.01 ‘*’ 0.05 ‘.’ 0.1 ‘ ’ 1


t test of coefficients:

                       Estimate Std. Error t value              Pr(>|t|)    
S_mean_tw            -0.0859298  0.0101497 -8.4662 0.0000000000000005839 ***
F_CP_above_3         -0.3954690  0.2044659 -1.9342               0.05385 .  
F_CP_below            0.6585956  0.2841740  2.3176               0.02101 *  
F_DI_lag1             0.6278953  0.4496114  1.3965               0.16338    
S_mean_tw:F_CP_below -0.0219379  0.0051159 -4.2882 0.0000229558101762262 ***
S_mean_tw:F_DI_lag1  -0.0260715  0.0115773 -2.2519               0.02491 *  
---
Signif. codes:  0 ‘***’ 0.001 ‘**’ 0.01 ‘*’ 0.05 ‘.’ 0.1 ‘ ’ 1


t test of coefficients:

                         Estimate Std. Error t value         Pr(>|t|)    
S_mean_tw              -0.0742285  0.0106208 -6.9890 0.00000000001283 ***
F_CP_above_3            1.2620863  0.4716729  2.6758        0.0077845 ** 
F_CP_below              0.4136993  0.2582629  1.6019        0.1100345    
F_DI_lag1               0.3367742  0.4858469  0.6932        0.4886346    
S_mean_tw:F_CP_above_3 -0.0430038  0.0136838 -3.1427        0.0018081 ** 
S_mean_tw:F_CP_below   -0.0168556  0.0050213 -3.3568        0.0008696 ***
S_mean_tw:F_DI_lag1    -0.0190080  0.0119798 -1.5867        0.1134345    
---
Signif. codes:  0 ‘***’ 0.001 ‘**’ 0.01 ‘*’ 0.05 ‘.’ 0.1 ‘ ’ 1


t test of coefficients:

                         Estimate Std. Error t value    Pr(>|t|)    
y_lag1_recession        0.2136686  0.0436823  4.8914 0.000001493 ***
S_mean_tw              -0.0560305  0.0111032 -5.0463 0.000000706 ***
F_CP_above_3            1.2939265  0.4612221  2.8054   0.0052889 ** 
F_CP_below              0.3773229  0.2326960  1.6215   0.1057518    
F_DI_lag1               1.1293539  0.5664294  1.9938   0.0469023 *  
S_mean_tw:F_CP_above_3 -0.0460459  0.0136130 -3.3825   0.0007946 ***
S_mean_tw:F_CP_below   -0.0171965  0.0048589 -3.5392   0.0004523 ***
S_mean_tw:F_DI_lag1    -0.0316609  0.0124709 -2.5388   0.0115305 *  
---
Signif. codes:  0 ‘***’ 0.001 ‘**’ 0.01 ‘*’ 0.05 ‘.’ 0.1 ‘ ’ 1


t test of coefficients:

                         Estimate Std. Error t value    Pr(>|t|)    
y_lag1_recession        0.2136686  0.0436823  4.8914 0.000001493 ***
S_mean_tw              -0.0560305  0.0111032 -5.0463 0.000000706 ***
F_CP_above_3            1.2939265  0.4612221  2.8054   0.0052889 ** 
F_CP_below              0.3773229  0.2326960  1.6215   0.1057518    
F_DI_lag1               1.1293539  0.5664294  1.9938   0.0469023 *  
S_mean_tw:F_CP_above_3 -0.0460459  0.0136130 -3.3825   0.0007946 ***
S_mean_tw:F_CP_below   -0.0171965  0.0048589 -3.5392   0.0004523 ***
S_mean_tw:F_DI_lag1    -0.0316609  0.0124709 -2.5388   0.0115305 *  
---
Signif. codes:  0 ‘***’ 0.001 ‘**’ 0.01 ‘*’ 0.05 ‘.’ 0.1 ‘ ’ 1


t test of coefficients:

                            Estimate Std. Error t value   Pr(>|t|)    
y_lag1_recession           0.1740818  0.0410234  4.2435 0.00002782 ***
S_mean_tw                 -0.0725593  0.0167573 -4.3300 0.00001920 ***
F_CP_above_3               1.4996621  0.4184282  3.5840  0.0003834 ***
F_CP_belowstock            0.1002884  0.2391810  0.4193  0.6752394    
F_DI_lag1                  1.1936998  0.5730561  2.0830  0.0379299 *  
S_mean_tw:F_CP_above_3    -0.0548410  0.0132367 -4.1431 0.00004245 ***
S_mean_tw:F_CP_belowstock  0.0016122  0.0062998  0.2559  0.7981526    
S_mean_tw:F_DI_lag1       -0.0336999  0.0140061 -2.4061  0.0166114 *  
---
Signif. codes:  0 ‘***’ 0.001 ‘**’ 0.01 ‘*’ 0.05 ‘.’ 0.1 ‘ ’ 1


t test of coefficients:

                             Estimate  Std. Error t value     Pr(>|t|)    
y_lag1_recession           0.16341457  0.04097210  3.9884 0.0000800567 ***
S_mean_tw                 -0.09080743  0.01672611 -5.4291 0.0000001023 ***
F_CP_above_3              -0.51672774  0.18389317 -2.8099     0.005216 ** 
F_CP_belowstock            0.21480952  0.25131112  0.8548     0.393235    
F_DI_lag1                  1.51837448  0.61088017  2.4856     0.013372 *  
S_mean_tw:F_CP_belowstock  0.00028506  0.00620603  0.0459     0.963389    
S_mean_tw:F_DI_lag1       -0.04231392  0.01483697 -2.8519     0.004587 ** 
---
Signif. codes:  0 ‘***’ 0.001 ‘**’ 0.01 ‘*’ 0.05 ‘.’ 0.1 ‘ ’ 1


t test of coefficients:

                             Estimate  Std. Error t value     Pr(>|t|)    
y_lag1_recession           0.16341457  0.04097210  3.9884 0.0000800567 ***
S_mean_tw                 -0.09080743  0.01672611 -5.4291 0.0000001023 ***
F_CP_above_3              -0.51672774  0.18389317 -2.8099     0.005216 ** 
F_CP_belowstock            0.21480952  0.25131112  0.8548     0.393235    
F_DI_lag1                  1.51837448  0.61088017  2.4856     0.013372 *  
S_mean_tw:F_CP_belowstock  0.00028506  0.00620603  0.0459     0.963389    
S_mean_tw:F_DI_lag1       -0.04231392  0.01483697 -2.8519     0.004587 ** 
---
Signif. codes:  0 ‘***’ 0.001 ‘**’ 0.01 ‘*’ 0.05 ‘.’ 0.1 ‘ ’ 1


t test of coefficients:

                             Estimate  Std. Error t value       Pr(>|t|)    
y_lag1_recession           0.17924252  0.04394025  4.0792 0.000055277834 ***
S_mean_tw                 -0.09801081  0.01592352 -6.1551 0.000000001939 ***
F_CP_lag2                  0.08559308  0.03099119  2.7619       0.006032 ** 
F_CP_belowstock            0.25206103  0.25952048  0.9713       0.332050    
F_DI_lag1                  1.56724580  0.55331909  2.8324       0.004870 ** 
S_mean_tw:F_CP_belowstock  0.00047495  0.00631528  0.0752       0.940091    
S_mean_tw:F_DI_lag1       -0.04326003  0.01424610 -3.0366       0.002561 ** 
---
Signif. codes:  0 ‘***’ 0.001 ‘**’ 0.01 ‘*’ 0.05 ‘.’ 0.1 ‘ ’ 1


t test of coefficients:

                             Estimate  Std. Error t value        Pr(>|t|)    
y_lag1_recession           0.20738941  0.04625047  4.4840 0.0000097623094 ***
S_mean_tw                 -0.09888752  0.01549036 -6.3838 0.0000000005135 ***
F_CP_above_flow_lag2       0.50019466  0.18023092  2.7753        0.005793 ** 
F_CP_belowstock            0.25059140  0.24659035  1.0162        0.310181    
F_DI_lag1                  1.51793546  0.58557198  2.5922        0.009910 ** 
S_mean_tw:F_CP_belowstock  0.00065747  0.00594472  0.1106        0.911995    
S_mean_tw:F_DI_lag1       -0.04194064  0.01457203 -2.8782        0.004230 ** 
---
Signif. codes:  0 ‘***’ 0.001 ‘**’ 0.01 ‘*’ 0.05 ‘.’ 0.1 ‘ ’ 1

 [1] "Country"                     "Quarter"                     "year_only"                   "quarter_only"                "y_t_pct"                    
 [6] "y_t"                         "QReal.GDP.Growth_gr"         "d_t_pct"                     "d_t_pct_r"                   "d_t"                        
[11] "DebtN_share2019"             "DebtR_share2019"             "DebtN_share2019_growth"      "DebtR_share2019_growth"      "Qpopulation_th"             
[16] "nGDP_2019_an"                "inflation_index"             "vax_rate"                    "rGDP_pc_2019"                "debt_2019"                  
[21] "StringencyIndex_PopWeighted" "p_proj_all_ages"             "excess.deaths_a"             "ConfirmedDeaths.a"           "p_avg_all_ages"             
[26] "pop_2019"                    "theta_mean"                  "theta_mean_l2"               "theta_mean_l4"               "theta_mean_lo"              
[31] "theta_mean_hi"               "wave_dominant"               "freq_source"                 "F_CP"                        "F_DI"                       
[36] "F_H"                         "F_total"                     "CP_share"                    "DI_share"                    "n_measures_CP"              
[41] "n_measures_DI"               "S_mean_pw"                   "S_max_pw"                    "S_sd"                        "hosp_new_pm"                
[46] "icu_occ_pm"                  "hosp_occ_pm"                 "mob_grocery"                 "mob_parks"                   "mob_residential"            
[51] "mob_retail"                  "mob_transit"                 "mob_workplaces"              "quarter_num"                 "date"                       
[56] "S_mean_tw"                   "S_max_tw"                    "S_sd_tw"                     "theta_pct"                   "S_lag1"                     
[61] "S_lag2"                      "S_lead1"                     "F_DI_lag1"                   "F_DI_lag2"                   "F_DI_lag3"                  
[66] "F_CP_lag1"                   "F_CP_lag2"                   "F_CP_lead1"                  "theta_lag1"                  "y_lag1"                     
[71] "y_lead1"                     "p_p_lag1"                    "p_a_lag1"                    "F_CP_above_3"                "F_CP_loans"                 
[76] "F_CP_guar"                   "F_CP_guar_lo"                "F_CP_guar_mid"               "F_CP_guar_hi"                "F_CP_adj_lo"                
[81] "F_CP_adj_mid"                "F_CP_adj_hi"                 "F_CP_guar_adj"               "F_DI_transfers"              "F_DI_demand"                
[86] "F_DI_tax"                    "F_H_supply"                  "F_H_infra"                   "F_DI_transfers_lag2"         "F_DI_demand_lag2"           
[91] "F_DI_tax_lag2"               "t_idx"                       "S_high"                      "S_y_lag"                     "S_FCP"                      
[96] "half_year"                   "debt_dR"                     "y_lag1_recession"            "F_CP_cum"                   
 [ reached 'max' / getOption("max.print") -- omitted 19 entries ]

t test of coefficients:

                      Estimate Std. Error t value            Pr(>|t|)    
y_lag1_recession      0.236174   0.048773  4.8423 0.00000188187206112 ***
S_mean_tw            -0.086968   0.010948 -7.9434 0.00000000000002331 ***
F_CP_above_flow_lag2  0.445346   0.161262  2.7616            0.006035 ** 
F_CP_guar_lo         -1.561200   0.489332 -3.1905            0.001540 ** 
F_DI_lag1             1.714246   0.631998  2.7124            0.006988 ** 
S_mean_tw:F_DI_lag1  -0.045969   0.014366 -3.1999            0.001492 ** 
---
Signif. codes:  0 ‘***’ 0.001 ‘**’ 0.01 ‘*’ 0.05 ‘.’ 0.1 ‘ ’ 1


t test of coefficients:

                      Estimate Std. Error t value              Pr(>|t|)    
y_lag1_recession      0.201101   0.044423  4.5270 0.0000080531824909456 ***
S_mean_tw            -0.090814   0.010817 -8.3956 0.0000000000000009696 ***
F_CP_above_flow_lag2  0.464976   0.174552  2.6638              0.008060 ** 
F_CP_loans_mid       -0.949886   0.341096 -2.7848              0.005628 ** 
F_DI_lag1             1.399214   0.612904  2.2829              0.022995 *  
S_mean_tw:F_DI_lag1  -0.038928   0.014534 -2.6784              0.007724 ** 
---
Signif. codes:  0 ‘***’ 0.001 ‘**’ 0.01 ‘*’ 0.05 ‘.’ 0.1 ‘ ’ 1


t test of coefficients:

                      Estimate Std. Error t value            Pr(>|t|)    
y_lag1                0.230584   0.049008  4.7050 0.00000357914117028 ***
S_mean_tw            -0.095283   0.012278 -7.7603 0.00000000000008167 ***
F_CP_above_flow_lag2  0.542144   0.185991  2.9149            0.003772 ** 
F_CP_belowstock_adj   0.229093   0.116169  1.9721            0.049338 *  
F_DI_lag1             1.453601   0.558689  2.6018            0.009642 ** 
S_mean_tw:F_DI_lag1  -0.040297   0.014122 -2.8535            0.004564 ** 
---
Signif. codes:  0 ‘***’ 0.001 ‘**’ 0.01 ‘*’ 0.05 ‘.’ 0.1 ‘ ’ 1


t test of coefficients:

                      Estimate Std. Error t value           Pr(>|t|)    
y_lag1                0.231078   0.049201  4.6966 0.0000037208018401 ***
S_mean_tw            -0.095151   0.012381 -7.6853 0.0000000000001357 ***
F_CP_above_flow_lag2  0.544156   0.186356  2.9200           0.003713 ** 
F_CP_belowstock       0.261165   0.143194  1.8238           0.068973 .  
F_DI_lag1             1.470488   0.561270  2.6199           0.009153 ** 
S_mean_tw:F_DI_lag1  -0.040576   0.014186 -2.8602           0.004471 ** 
---
Signif. codes:  0 ‘***’ 0.001 ‘**’ 0.01 ‘*’ 0.05 ‘.’ 0.1 ‘ ’ 1


t test of coefficients:

                      Estimate Std. Error t value            Pr(>|t|)    
y_lag1                0.230584   0.049008  4.7050 0.00000357914117028 ***
S_mean_tw            -0.095283   0.012278 -7.7603 0.00000000000008167 ***
F_CP_above_flow_lag2  0.542144   0.185991  2.9149            0.003772 ** 
F_CP_belowstock_adj   0.229093   0.116169  1.9721            0.049338 *  
F_DI_lag1             1.453601   0.558689  2.6018            0.009642 ** 
S_mean_tw:F_DI_lag1  -0.040297   0.014122 -2.8535            0.004564 ** 
---
Signif. codes:  0 ‘***’ 0.001 ‘**’ 0.01 ‘*’ 0.05 ‘.’ 0.1 ‘ ’ 1

               "mob_grocery"                 "mob_parks"                   "mob_residential"            
[51] "mob_retail"                  "mob_transit"                 "mob_workplaces"              "quarter_num"                 "date"                       
[56] "S_mean_tw"                   "S_max_tw"                    "S_sd_tw"                     "theta_pct"                   "S_lag1"                     
[61] "S_lag2"                      "S_lead1"                     "F_DI_lag1"                   "F_DI_lag2"                   "F_DI_lag3"                  
[66] "F_CP_lag1"                   "F_CP_lag2"                   "F_CP_lead1"                  "theta_lag1"                  "y_lag1"                     
[71] "y_lead1"                     "p_p_lag1"                    "p_a_lag1"                    "F_CP_above_3"                "F_CP_loans"                 
[76] "F_CP_guar"                   "F_CP_guar_lo"                "F_CP_guar_mid"               "F_CP_guar_hi"                "F_CP_adj_lo"                
[81] "F_CP_adj_mid"                "F_CP_adj_hi"                 "F_CP_guar_adj"               "F_DI_transfers"              "F_DI_demand"                
[86] "F_DI_tax"                    "F_H_supply"                  "F_H_infra"                   "F_DI_transfers_lag2"         "F_DI_demand_lag2"           
[91] "F_DI_tax_lag2"               "t_idx"                       "S_high"                      "S_y_lag"                     "S_FCP"                      
[96] "half_year"                   "debt_dR"                     "y_lag1_recession"            "F_CP_cum"                   
 [ reached 'max' / getOption("max.print") -- omitted 19 entries ]

t test of coefficients:

                      Estimate Std. Error t value            Pr(>|t|)    
y_lag1_recession      0.236174   0.048773  4.8423 0.00000188187206112 ***
S_mean_tw            -0.086968   0.010948 -7.9434 0.00000000000002331 ***
F_CP_above_flow_lag2  0.445346   0.161262  2.7616            0.006035 ** 
F_CP_guar_lo         -1.561200   0.489332 -3.1905            0.001540 ** 
F_DI_lag1             1.714246   0.631998  2.7124            0.006988 ** 
S_mean_tw:F_DI_lag1  -0.045969   0.014366 -3.1999            0.001492 ** 
---
Signif. codes:  0 ‘***’ 0.001 ‘**’ 0.01 ‘*’ 0.05 ‘.’ 0.1 ‘ ’ 1


t test of coefficients:

                      Estimate Std. Error t value              Pr(>|t|)    
y_lag1_recession      0.201101   0.044423  4.5270 0.0000080531824909456 ***
S_mean_tw            -0.090814   0.010817 -8.3956 0.0000000000000009696 ***
F_CP_above_flow_lag2  0.464976   0.174552  2.6638              0.008060 ** 
F_CP_loans_mid       -0.949886   0.341096 -2.7848              0.005628 ** 
F_DI_lag1             1.399214   0.612904  2.2829              0.022995 *  
S_mean_tw:F_DI_lag1  -0.038928   0.014534 -2.6784              0.007724 ** 
---
Signif. codes:  0 ‘***’ 0.001 ‘**’ 0.01 ‘*’ 0.05 ‘.’ 0.1 ‘ ’ 1


t test of coefficients:

                      Estimate Std. Error t value            Pr(>|t|)    
y_lag1                0.230584   0.049008  4.7050 0.00000357914117028 ***
S_mean_tw            -0.095283   0.012278 -7.7603 0.00000000000008167 ***
F_CP_above_flow_lag2  0.542144   0.185991  2.9149            0.003772 ** 
F_CP_belowstock_adj   0.229093   0.116169  1.9721            0.049338 *  
F_DI_lag1             1.453601   0.558689  2.6018            0.009642 ** 
S_mean_tw:F_DI_lag1  -0.040297   0.014122 -2.8535            0.004564 ** 
---
Signif. codes:  0 ‘***’ 0.001 ‘**’ 0.01 ‘*’ 0.05 ‘.’ 0.1 ‘ ’ 1


t test of coefficients:

                      Estimate Std. Error t value           Pr(>|t|)    
y_lag1                0.231078   0.049201  4.6966 0.0000037208018401 ***
S_mean_tw            -0.095151   0.012381 -7.6853 0.0000000000001357 ***
F_CP_above_flow_lag2  0.544156   0.186356  2.9200           0.003713 ** 
F_CP_belowstock       0.261165   0.143194  1.8238           0.068973 .  
F_DI_lag1             1.470488   0.561270  2.6199           0.009153 ** 
S_mean_tw:F_DI_lag1  -0.040576   0.014186 -2.8602           0.004471 ** 
---
Signif. codes:  0 ‘***’ 0.001 ‘**’ 0.01 ‘*’ 0.05 ‘.’ 0.1 ‘ ’ 1


t test of coefficients:

                      Estimate Std. Error t value            Pr(>|t|)    
y_lag1                0.230584   0.049008  4.7050 0.00000357914117028 ***
S_mean_tw            -0.095283   0.012278 -7.7603 0.00000000000008167 ***
F_CP_above_flow_lag2  0.542144   0.185991  2.9149            0.003772 ** 
F_CP_belowstock_adj   0.229093   0.116169  1.9721            0.049338 *  
F_DI_lag1             1.453601   0.558689  2.6018            0.009642 ** 
S_mean_tw:F_DI_lag1  -0.040297   0.014122 -2.8535            0.004564 ** 
---
Signif. codes:  0 ‘***’ 0.001 ‘**’ 0.01 ‘*’ 0.05 ‘.’ 0.1 ‘ ’ 1

.459     0.958 

------------------------------------------------------------------------------
  (1) Theta-equation
------------------------------------------------------------------------------
OLS estimation, Dep. Var.: theta_lead1
Observations: 3,325
Standard-errors: Clustered (Country) 
             Estimate Std. Error  t value       Pr(>|t|)    
(Intercept)  0.000495   0.000068  7.28912 0.000000019284 ***
theta_hat    1.044065   0.024584 42.46917      < 2.2e-16 ***
St_x_th     -0.289903   0.053812 -5.38732 0.000005392972 ***
---
Signif. codes:  0 '***' 0.001 '**' 0.01 '*' 0.05 '.' 0.1 ' ' 1
RMSE: 0.003152   Adj. R2: 0.855901
OLS estimation, Dep. Var.: theta_lead1
Observations: 3,325
Fixed-effects: Country: 35
Standard-errors: Clustered (Country) 
           Estimate Std. Error  t value     Pr(>|t|)    
theta_hat  1.035069   0.026878 38.50924    < 2.2e-16 ***
St_x_th   -0.325260   0.059591 -5.45821 0.0000043609 ***
---
Signif. codes:  0 '***' 0.001 '**' 0.01 '*' 0.05 '.' 0.1 ' ' 1
RMSE: 0.003125     Adj. R2: 0.856971
                 Within R2: 0.822644
OLS estimation, Dep. Var.: theta_lead1
Observations: 3,325
Fixed-effects: Country: 35,  wave_coarse: 3
Standard-errors: Clustered (Country) 
           Estimate Std. Error  t value     Pr(>|t|)    
theta_hat  1.029198   0.032917 31.26657    < 2.2e-16 ***
St_x_th   -0.335623   0.064582 -5.19682 0.0000095401 ***
---
Signif. codes:  0 '***' 0.001 '**' 0.01 '*' 0.05 '.' 0.1 ' ' 1
RMSE: 0.003114     Adj. R2: 0.857867
                 Within R2: 0.795642

Structural parameters (theta equation):
# A tibble: 3 × 5
  spec                rho se_rho phi_S se_phi
  <chr>             <dbl>  <dbl> <dbl>  <dbl>
1 Pooled OLS         1.04 0.0246 0.278 0.0457
2 Country FE         1.04 0.0269 0.314 0.0507
3 Country + wave FE  1.03 0.0329 0.326 0.0539

------------------------------------------------------------------------------
  (2) d-equation  (DV = excess_pm = excess deaths per million per week)
------------------------------------------------------------------------------
OLS estimation, Dep. Var.: d_lead1_excpm
Observations: 3,325
Standard-errors: Clustered (Country) 
              Estimate Std. Error  t value  Pr(>|t|)    
(Intercept)    3.17321    1.03588  3.06330 0.0042631 ** 
theta_hat   3447.95819  135.74459 25.40034 < 2.2e-16 ***
---
Signif. codes:  0 '***' 0.001 '**' 0.01 '*' 0.05 '.' 0.1 ' ' 1
RMSE: 25.2   Adj. R2: 0.562384
OLS estimation, Dep. Var.: d_lead1_excpm
Observations: 3,325
Fixed-effects: Country: 35
Standard-errors: Clustered (Country) 
          Estimate Std. Error t value  Pr(>|t|)    
theta_hat  3211.42    137.179 23.4104 < 2.2e-16 ***
---
Signif. codes:  0 '***' 0.001 '**' 0.01 '*' 0.05 '.' 0.1 ' ' 1
RMSE: 24.6     Adj. R2: 0.580446
             Within R2: 0.484981
OLS estimation, Dep. Var.: d_lead1_excpm
Observations: 3,325
Fixed-effects: Country: 35,  wave_coarse: 3
Standard-errors: Clustered (Country) 
          Estimate Std. Error t value  Pr(>|t|)    
theta_hat  3396.94      153.8 22.0868 < 2.2e-16 ***
---
Signif. codes:  0 '***' 0.001 '**' 0.01 '*' 0.05 '.' 0.1 ' ' 1
RMSE: 24.0     Adj. R2: 0.599039
             Within R2: 0.488159
OLS estimation, Dep. Var.: d_lead1_excpm
Observations: 3,325
Fixed-effects: Country: 35
Standard-errors: Clustered (Country) 
              Estimate Std. Error  t value       Pr(>|t|)    
theta_hat    3316.4960  135.22873 24.52508      < 2.2e-16 ***
S_daily_mean   49.6901    6.94633  7.15343 0.000000028581 ***
---
Signif. codes:  0 '***' 0.001 '**' 0.01 '*' 0.05 '.' 0.1 ' ' 1
RMSE: 23.0     Adj. R2: 0.631473
             Within R2: 0.547757
OLS estimation, Dep. Var.: d_lead1_excpm
Observations: 3,325
Fixed-effects: Country: 35
Standard-errors: Clustered (Country) 
                   Estimate Std. Error  t value               Pr(>|t|)    
theta_hat           4641.28    320.692 14.47267 0.00000000000000042624 ***
I(I(theta_hat^2)) -39423.92   6928.567 -5.69005 0.00000217708884439497 ***
---
Signif. codes:  0 '***' 0.001 '**' 0.01 '*' 0.05 '.' 0.1 ' ' 1
RMSE: 23.9     Adj. R2: 0.603703
             Within R2: 0.513677

[Robustness] DV = confirmed COVID deaths per million:
OLS estimation, Dep. Var.: d_lead1_confpm
Observations: 3,325
Fixed-effects: Country: 35
Standard-errors: Clustered (Country) 
          Estimate Std. Error t value            Pr(>|t|)    
theta_hat  1696.24    152.451 11.1265 0.00000000000070772 ***
---
Signif. codes:  0 '***' 0.001 '**' 0.01 '*' 0.05 '.' 0.1 ' ' 1
RMSE: 21.1     Adj. R2: 0.369684
             Within R2: 0.262742

[For comparison] DV = p_proj (the prior run):
OLS estimation, Dep. Var.: d_lead1_pproj
Observations: 3,325
Fixed-effects: Country: 35
Standard-errors: Clustered (Country) 
          Estimate Std. Error t value           Pr(>|t|)    
theta_hat  1625.41    152.847 10.6343 0.0000000000023599 ***
---
Signif. codes:  0 '***' 0.001 '**' 0.01 '*' 0.05 '.' 0.1 ' ' 1
RMSE: 13.9     Adj. R2: 0.55414 
             Within R2: 0.429502

------------------------------------------------------------------------------
  (3) LP for d-equation (DV = excess_pm)
------------------------------------------------------------------------------

LP for d (excess_pm):
# A tibble: 4 × 7
      h     n delta    se  r2_w ci_lo ci_hi
  <int> <int> <dbl> <dbl> <dbl> <dbl> <dbl>
1     1  3325 3211.  137. 0.485 2943. 3480.
2     2  3290 3645.  181. 0.631 3291. 3999.
3     3  3255 4056.  197. 0.776 3670. 4442.
4     4  3220 3684.  186. 0.634 3318. 4049.

  Saved calibration: C:/Users/pesent0000/OneDrive/Studium/Wirtschaftswissenschaften/Doktorat/Paper 1/Pandemic-Trilemma/Files/output/calibration_state_eq_excpm.csv
  Saved LaTeX:  C:/Users/pesent0000/OneDrive/Studium/Wirtschaftswissenschaften/Doktorat/Paper 1/Pandemic-Trilemma/Files/output/tables/tab_state_eq_excpm.tex

==============================================================================
  END
==============================================================================
Log: C:/Users/pesent0000/OneDrive/Studium/Wirtschaftswissenschaften/Doktorat/Paper 1/Pandemic-Trilemma/Files/output/reduced_form_state_eq_excpm.log 
# A tibble: 6 × 22
  Country isoyr isowk date       theta_hat p_proj excess excess_pm deaths_confirmed_pm wave_coarse S_daily_mean theta_lead1 theta_lead2 theta_lead3 theta_lead4
  <chr>   <dbl> <int> <date>         <dbl>  <dbl>  <dbl>     <dbl>               <dbl> <chr>              <dbl>       <dbl>       <dbl>       <dbl>       <dbl>
1 AUS      2020     9 2020-03-01 0.000596   4.84   143.      5.57               0.0390 Wave1             0.0938   0.000726    0.000975    0.000436    0.000181 
2 AUS      2020    10 2020-03-08 0.000726   0.415   12.4     0.484              0.0780 Wave1             0.0938   0.000975    0.000436    0.000181    0.0000564
3 AUS      2020    11 2020-03-15 0.000975   1.81    52.8     2.06               0      Wave1             0.0938   0.000436    0.000181    0.0000564   0        
4 AUS      2020    12 2020-03-22 0.000436   4.64   137.      5.36               0.156  Wave1             0.312    0.000181    0.0000564   0           0        
5 AUS      2020    13 2020-03-29 0.000181   5.62   167.      6.53               0.351  Wave1             0.560    0.0000564   0           0           0        
6 AUS      2020    14 2020-04-05 0.0000564  7.52   225       8.78               0.741  Wave1             0.583    0           0           0           0        
# ℹ 7 more variables: d_lead1_excpm <dbl>, d_lead2_excpm <dbl>, d_lead3_excpm <dbl>, d_lead4_excpm <dbl>, d_lead1_confpm <dbl>, d_lead1_pproj <dbl>, St_x_th <dbl>

############## (A) WEEKLY, wave-specific rho ##############

-- weekly rho_theta by wave (slopes on theta_hat) --

############## (A) WEEKLY, wave-specific rho ##############

-- weekly rho_theta by wave (slopes on theta_hat) --
OLS estimation, Dep. Var.: theta_lead1
Observations: 3,325
Fixed-effects: Country: 35
Standard-errors: Clustered (Country) 
                              Estimate Std. Error  t value      Pr(>|t|)    
wave_coarse::Wave1:theta_hat  1.054506   0.063206 16.68370     < 2.2e-16 ***
wave_coarse::Wave2:theta_hat  1.185890   0.056864 20.85499     < 2.2e-16 ***
wave_coarse::Wave3:theta_hat  1.077942   0.033316 32.35468     < 2.2e-16 ***
St_x_th                      -0.515875   0.077138 -6.68770 0.00000011175 ***
---
Signif. codes:  0 '***' 0.001 '**' 0.01 '*' 0.05 '.' 0.1 ' ' 1
RMSE: 0.003099     Adj. R2: 0.859188
                 Within R2: 0.825499

-- observations per wave --

Wave1 Wave2 Wave3 
 1102  1558   988 

-- weekly: BOTH rho and containment wave-specific --
OLS estimation, Dep. Var.: theta_lead1
Observations: 3,325
Fixed-effects: Country: 35
Standard-errors: Clustered (Country) 
                              Estimate Std. Error  t value              Pr(>|t|)    
wave_coarse::Wave1:theta_hat  1.139884   0.075181 15.16194             < 2.2e-16 ***
wave_coarse::Wave2:theta_hat  1.059195   0.076837 13.78488 0.0000000000000017652 ***
wave_coarse::Wave3:theta_hat  1.150417   0.061300 18.76693             < 2.2e-16 ***
wave_coarse::Wave1:St_x_th   -0.686798   0.153539 -4.47311 0.0000819000694750718 ***
wave_coarse::Wave2:St_x_th   -0.298330   0.107810 -2.76720 0.0090805317408851251 ** 
wave_coarse::Wave3:St_x_th   -0.748048   0.168625 -4.43616 0.0000912877838574653 ***
---
Signif. codes:  0 '***' 0.001 '**' 0.01 '*' 0.05 '.' 0.1 ' ' 1
RMSE: 0.003087     Adj. R2: 0.860193
                 Within R2: 0.826849

-- weekly rho_theta by wave (slopes on theta_hat) --
OLS estimation, Dep. Var.: theta_lead1
Observations: 3,325
Standard-errors: Clustered (Country) 
                              Estimate Std. Error  t value       Pr(>|t|)    
(Intercept)                   0.000487   0.000070  6.91354 0.000000057553 ***
wave_coarse::Wave1:theta_hat  1.071280   0.057620 18.59220      < 2.2e-16 ***
wave_coarse::Wave2:theta_hat  1.192325   0.052882 22.54703      < 2.2e-16 ***
wave_coarse::Wave3:theta_hat  1.082943   0.031231 34.67559      < 2.2e-16 ***
St_x_th                      -0.477851   0.076443 -6.25106 0.000000407366 ***
---
Signif. codes:  0 '***' 0.001 '**' 0.01 '*' 0.05 '.' 0.1 ' ' 1
RMSE: 0.003126   Adj. R2: 0.858177

-- observations per wave --

Wave1 Wave2 Wave3 
 1102  1558   988 

-- weekly: BOTH rho and containment wave-specific --

-- weekly rho_theta by wave (slopes on theta_hat) --
OLS estimation, Dep. Var.: theta_lead1
Observations: 3,325
Fixed-effects: Country: 35
Standard-errors: Clustered (Country) 
                              Estimate Std. Error  t value      Pr(>|t|)    
wave_coarse::Wave1:theta_hat  1.054506   0.063206 16.68370     < 2.2e-16 ***
wave_coarse::Wave2:theta_hat  1.185890   0.056864 20.85499     < 2.2e-16 ***
wave_coarse::Wave3:theta_hat  1.077942   0.033316 32.35468     < 2.2e-16 ***
St_x_th                      -0.515875   0.077138 -6.68770 0.00000011175 ***
---
Signif. codes:  0 '***' 0.001 '**' 0.01 '*' 0.05 '.' 0.1 ' ' 1
RMSE: 0.003099     Adj. R2: 0.859188
                 Within R2: 0.825499

-- observations per wave --

Wave1 Wave2 Wave3 
 1102  1558   988 

-- weekly: BOTH rho and containment wave-specific --

-- weekly rho_theta by wave (slopes on theta_hat) --
OLS estimation, Dep. Var.: theta_lead1
Observations: 3,325
Fixed-effects: Country: 35
Standard-errors: Clustered (Country) 
                              Estimate Std. Error  t value      Pr(>|t|)    
wave_coarse::Wave1:theta_hat  1.054506   0.063206 16.68370     < 2.2e-16 ***
wave_coarse::Wave2:theta_hat  1.185890   0.056864 20.85499     < 2.2e-16 ***
wave_coarse::Wave3:theta_hat  1.077942   0.033316 32.35468     < 2.2e-16 ***
St_x_th                      -0.515875   0.077138 -6.68770 0.00000011175 ***
---
Signif. codes:  0 '***' 0.001 '**' 0.01 '*' 0.05 '.' 0.1 ' ' 1
RMSE: 0.003099     Adj. R2: 0.859188
                 Within R2: 0.825499

-- observations per wave --

Wave1 Wave2 Wave3 
 1102  1558   988 

-- weekly: BOTH rho and containment wave-specific --
OLS estimation, Dep. Var.: theta_lead1
Observations: 3,325
Fixed-effects: Country: 35
Standard-errors: Clustered (Country) 
                              Estimate Std. Error  t value              Pr(>|t|)    
wave_coarse::Wave1:theta_hat  1.139884   0.075181 15.16194             < 2.2e-16 ***
wave_coarse::Wave2:theta_hat  1.059195   0.076837 13.78488 0.0000000000000017652 ***
wave_coarse::Wave3:theta_hat  1.150417   0.061300 18.76693             < 2.2e-16 ***
wave_coarse::Wave1:St_x_th   -0.686798   0.153539 -4.47311 0.0000819000694750718 ***
wave_coarse::Wave2:St_x_th   -0.298330   0.107810 -2.76720 0.0090805317408851251 ** 
wave_coarse::Wave3:St_x_th   -0.748048   0.168625 -4.43616 0.0000912877838574653 ***
---
Signif. codes:  0 '***' 0.001 '**' 0.01 '*' 0.05 '.' 0.1 ' ' 1
RMSE: 0.003087     Adj. R2: 0.860193
                 Within R2: 0.826849


############## (B) QUARTERLY, wave-specific rho ##############

-- quarterly obs per wave --

Wave1 Wave2 Wave3 
  114   114    76 

-- quarterly CONSTANT rho (baseline) --
OLS estimation, Dep. Var.: theta_q_lead1
Observations: 245
Fixed-effects: Country: 35
Standard-errors: Clustered (Country) 
         Estimate Std. Error  t value   Pr(>|t|)    
theta_q   1.27327   0.348813  3.65029 0.00087111 ***
Sq_x_thq -2.14756   0.497441 -4.31723 0.00012930 ***
---
Signif. codes:  0 '***' 0.001 '**' 0.01 '*' 0.05 '.' 0.1 ' ' 1
RMSE: 0.005358     Adj. R2: 0.329847
                 Within R2: 0.164156

-- quarterly WAVE-SPECIFIC rho --
OLS estimation, Dep. Var.: theta_q_lead1
Observations: 245
Fixed-effects: Country: 35
Standard-errors: Clustered (Country) 
                            Estimate Std. Error  t value  Pr(>|t|)    
wave_coarse::Wave1:theta_q  0.642509   0.258155  2.48885 0.0178727 *  
wave_coarse::Wave2:theta_q  0.923185   0.316849  2.91365 0.0062743 ** 
wave_coarse::Wave3:theta_q  1.248256   0.348551  3.58127 0.0010554 ** 
Sq_x_thq                   -1.581431   0.500432 -3.16013 0.0033055 ** 
---
Signif. codes:  0 '***' 0.001 '**' 0.01 '*' 0.05 '.' 0.1 ' ' 1
RMSE: 0.005242     Adj. R2: 0.352398
                 Within R2: 0.200048

############## INTERPRETATION ##############
Compare quarterly wave slopes. Overlapping CIs ~1.03 -> constant rho is
justified; do NOT add wave-specific rho to MATLAB. W1 much higher and
precise -> wave-specific rho warranted. Use ONLY quarterly values in MATLAB.
=== WEEKLY OECD-average stringency (with quarter label) ===
# A tibble: 97 × 6
   isoyr isowk S_oecd_w n_country   qtr quarter_id
   <dbl> <int>    <dbl>     <int> <dbl> <chr>     
 1  2020     9   0.0550        35     1 2020Q1    
 2  2020    10   0.0885        38     1 2020Q1    
 3  2020    11   0.237         38     1 2020Q1    
 4  2020    12   0.547         38     1 2020Q1    
 5  2020    13   0.673         38     1 2020Q1    
 6  2020    14   0.722         38     2 2020Q2    
 7  2020    15   0.735         38     2 2020Q2    
 8  2020    16   0.730         38     2 2020Q2    
 9  2020    17   0.706         38     2 2020Q2    
10  2020    18   0.697         38     2 2020Q2    
11  2020    19   0.658         38     2 2020Q2    
12  2020    20   0.613         38     2 2020Q2    
13  2020    21   0.582         38     2 2020Q2    
14  2020    22   0.560         38     2 2020Q2    
15  2020    23   0.512         38     2 2020Q2    
16  2020    24   0.485         38     2 2020Q2    
17  2020    25   0.461         38     2 2020Q2    
18  2020    26   0.438         38     2 2020Q2    
19  2020    27   0.427         38     3 2020Q3    
20  2020    28   0.427         38     3 2020Q3    
21  2020    29   0.422         38     3 2020Q3    
22  2020    30   0.420         38     3 2020Q3    
23  2020    31   0.419         38     3 2020Q3    
24  2020    32   0.418         38     3 2020Q3    
25  2020    33   0.427         38     3 2020Q3    
26  2020    34   0.429         38     3 2020Q3    
27  2020    35   0.430         38     3 2020Q3    
28  2020    36   0.414         38     3 2020Q3    
29  2020    37   0.411         38     3 2020Q3    
30  2020    38   0.417         38     3 2020Q3    
31  2020    39   0.415         38     3 2020Q3    
32  2020    40   0.420         38     4 2020Q4    
33  2020    41   0.421         38     4 2020Q4    
34  2020    42   0.425         38     4 2020Q4    
35  2020    43   0.461         38     4 2020Q4    
36  2020    44   0.501         38     4 2020Q4    
37  2020    45   0.535         38     4 2020Q4    
38  2020    46   0.553         38     4 2020Q4    
39  2020    47   0.559         38     4 2020Q4    
40  2020    48   0.559         38     4 2020Q4    
41  2020    49   0.560         38     4 2020Q4    
42  2020    50   0.553         38     4 2020Q4    
43  2020    51   0.565         38     4 2020Q4    
44  2020    52   0.582         38     4 2020Q4    
45  2020    53   0.604         38     4 2020Q4    
46  2021     1   0.617         38     1 2021Q1    
47  2021     2   0.606         38     1 2021Q1    
48  2021     3   0.608         38     1 2021Q1    
49  2021     4   0.613         38     1 2021Q1    
50  2021     5   0.615         38     1 2021Q1    
51  2021     6   0.593         38     1 2021Q1    
52  2021     7   0.590         38     1 2021Q1    
53  2021     8   0.579         38     1 2021Q1    
54  2021     9   0.573         38     1 2021Q1    
55  2021    10   0.571         38     1 2021Q1    
56  2021    11   0.566         38     1 2021Q1    
57  2021    12   0.575         38     1 2021Q1    
58  2021    13   0.585         38     1 2021Q1    
59  2021    14   0.583         38     2 2021Q2    
60  2021    15   0.564         38     2 2021Q2    
61  2021    16   0.544         38     2 2021Q2    
62  2021    17   0.533         38     2 2021Q2    
63  2021    18   0.515         38     2 2021Q2    
64  2021    19   0.491         38     2 2021Q2    
65  2021    20   0.474         38     2 2021Q2    
66  2021    21   0.466         38     2 2021Q2    
67  2021    22   0.450         38     2 2021Q2    
68  2021    23   0.436         38     2 2021Q2    
69  2021    24   0.425         38     2 2021Q2    
70  2021    25   0.415         38     2 2021Q2    
71  2021    26   0.377         38     2 2021Q2    
72  2021    27   0.355         38     3 2021Q3    
73  2021    28   0.354         38     3 2021Q3    
74  2021    29   0.350         38     3 2021Q3    
75  2021    30   0.349         38     3 2021Q3    
76  2021    31   0.342         38     3 2021Q3    
77  2021    32   0.347         38     3 2021Q3    
78  2021    33   0.361         38     3 2021Q3    
79  2021    34   0.358         38     3 2021Q3    
80  2021    35   0.356         38     3 2021Q3    
81  2021    36   0.340         38     3 2021Q3    
82  2021    37   0.342         38     3 2021Q3    
83  2021    38   0.338         38     3 2021Q3    
84  2021    39   0.323         38     3 2021Q3    
85  2021    40   0.315         38     4 2021Q4    
86  2021    41   0.317         38     4 2021Q4    
87  2021    42   0.320         38     4 2021Q4    
88  2021    43   0.319         38     4 2021Q4    
89  2021    44   0.319         38     4 2021Q4    
90  2021    45   0.320         38     4 2021Q4    
91  2021    46   0.332         38     4 2021Q4    
92  2021    47   0.340         38     4 2021Q4    
93  2021    48   0.351         38     4 2021Q4    
94  2021    49   0.354         38     4 2021Q4    
95  2021    50   0.354         38     4 2021Q4    
96  2021    51   0.361         38     4 2021Q4    
97  2021    52   0.355          3     4 2021Q4    

=== QUARTERLY OECD-average stringency ===
(a) mean of weekly OECD means | (b) pooled country-week mean
# A tibble: 8 × 5
  quarter_id S_q_from_weekly n_weeks S_q_pooled  n_cw
  <chr>                <dbl>   <int>      <dbl> <int>
1 2020Q1               0.320       5      0.325   187
2 2020Q2               0.608      13      0.608   494
3 2020Q3               0.421      13      0.421   494
4 2020Q4               0.521      14      0.521   532
5 2021Q1               0.592      13      0.592   494
6 2021Q2               0.482      13      0.482   494
7 2021Q3               0.347      13      0.347   494
8 2021Q4               0.335      13      0.334   459

Written: S_weekly_oecd.csv, S_quarterly_oecd.csv
 [1] "Country"             "isoyr"               "isowk"               "date"                "theta_hat"           "p_proj"              "excess"             
 [8] "excess_pm"           "deaths_confirmed_pm" "wave_coarse"         "S_daily_mean"        "theta_lead1"         "theta_lead2"         "theta_lead3"        
[15] "theta_lead4"         "d_lead1_excpm"       "d_lead2_excpm"       "d_lead3_excpm"       "d_lead4_excpm"       "d_lead1_confpm"      "d_lead1_pproj"      
[22] "St_x_th"            
 [1] "CountryName"                            "CountryCode"                            "RegionName"                            
 [4] "RegionCode"                             "Jurisdiction"                           "Date"                                  
 [7] "C1E_School.closing"                     "C1E_Flag"                               "C1NV_School.closing"                   
[10] "C1NV_Flag"                              "C1V_School.closing"                     "C1V_Flag"                              
[13] "C1M_School.closing"                     "C1M_Flag"                               "C1_Notes"                              
[16] "C2E_Workplace.closing"                  "C2E_Flag"                               "C2NV_Workplace.closing"                
[19] "C2NV_Flag"                              "C2V_Workplace.closing"                  "C2V_Flag"                              
[22] "C2M_Workplace.closing"                  "C2M_Flag"                               "C2_Notes"                              
[25] "C3E_Cancel.public.events"               "C3E_Flag"                               "C3NV_Cancel.public.events"             
[28] "C3NV_Flag"                              "C3V_Cancel.public.events"               "C3V_Flag"                              
[31] "C3M_Cancel.public.events"               "C3M_Flag"                               "C3_Notes"                              
[34] "C4E_Restrictions.on.gatherings"         "C4E_Flag"                               "C4NV_Restrictions.on.gatherings"       
[37] "C4NV_Flag"                              "C4V_Restrictions.on.gatherings"         "C4V_Flag"                              
[40] "C4M_Restrictions.on.gatherings"         "C4M_Flag"                               "C4_Notes"                              
[43] "C5E_Close.public.transport"             "C5E_Flag"                               "C5NV_Close.public.transport"           
[46] "C5NV_Flag"                              "C5V_Close.public.transport"             "C5V_Flag"                              
[49] "C5M_Close.public.transport"             "C5M_Flag"                               "C5_Notes"                              
[52] "C6E_Stay.at.home.requirements"          "C6E_Flag"                               "C6NV_Stay.at.home.requirements"        
[55] "C6NV_Flag"                              "C6V_Stay.at.home.requirements"          "C6V_Flag"                              
[58] "C6M_Stay.at.home.requirements"          "C6M_Flag"                               "C6_Notes"                              
[61] "C7E_Restrictions.on.internal.movement"  "C7E_Flag"                               "C7NV_Restrictions.on.internal.movement"
[64] "C7NV_Flag"                              "C7V_Restrictions.on.internal.movement"  "C7V_Flag"                              
[67] "C7M_Restrictions.on.internal.movement"  "C7M_Flag"                               "C7_Notes"                              
[70] "C8E_International.travel.controls"      "C8NV_International.travel.controls"     "C8V_International.travel.controls"     
[73] "C8EV_International.travel.controls"     "C8_Notes"                               "E1E_Income.support"                    
[76] "E1E_Flag"                               "E1_Notes"                               "E2E_Debt.contract.relief"              
[79] "E2_Notes"                               "E3E_Fiscal.measures"                    "E3_Notes"                              
[82] "E4E_International.support"              "E4_Notes"                               "H1E_Public.information.campaigns"      
[85] "H1E_Flag"                               "H1_Notes"                               "H2E_Testing.policy"                    
[88] "H2_Notes"                               "H3E_Contact.tracing"                    "H3_Notes"                              
[91] "H4E_Emergency.investment.in.healthcare" "H4_Notes"                               "H5E_Investment.in.vaccines"            
[94] "H5_Notes"                               "H6E_Facial.Coverings"                   "H6E_Flag"                              
[97] "H6NV_Facial.Coverings"                  "H6NV_Flag"                              "H6V_Facial.Coverings"                  
 [ reached 'max' / getOption("max.print") -- omitted 61 entries ]
 [1] "Country"                                 "Date"                                    "StringencyIndex_PopWeighted"            
 [4] "StringencyH1_PopWeighted"                "ControlIndex_PopWeighted"                "ContainmentHealthIndex_PopWeighted"     
 [7] "StringencyIndex_NV"                      "StringencyIndex_V"                       "StringencyH1_NV"                        
[10] "StringencyH1_V"                          "ControlIndex_NV"                         "ControlIndex_V"                         
[13] "StringencyIndex_NonVaccinated"           "StringencyIndex_Vaccinated"              "StringencyIndex_SimpleAverage"          
[16] "StringencyIndex_WeightedAverage"         "ContainmentHealthIndex_NonVaccinated"    "ContainmentHealthIndex_Vaccinated"      
[19] "ContainmentHealthIndex_SimpleAverage"    "ContainmentHealthIndex_WeightedAverage"  "GovernmentResponseIndex_NonVaccinated"  
[22] "GovernmentResponseIndex_Vaccinated"      "GovernmentResponseIndex_SimpleAverage"   "GovernmentResponseIndex_WeightedAverage"
[25] "PopulationVaccinated"                    "vax_rate"                                "C1_NV_adj"                              
[28] "C2_NV_adj"                               "C3_NV_adj"                               "C4_NV_adj"                              
[31] "C5_NV_adj"                               "C6_NV_adj"                               "C7_NV_adj"                              
[34] "C8_NV_adj"                               "C1_V_adj"                                "C2_V_adj"                               
[37] "C3_V_adj"                                "C4_V_adj"                                "C5_V_adj"                               
[40] "C6_V_adj"                                "C7_V_adj"                                "C8_V_adj"                               
[43] "H1_adj"                                  "H2_adj"                                  "H3_adj"                                 
[46] "H6_PopWeighted"                          "H7_adj"                                  "H8_PopWeighted"                         
[49] "Year"                                    "Quarter_Num"                             "Quarter"                                
 [1] "CountryName"                            "CountryCode"                            "RegionName"                            
 [4] "RegionCode"                             "Jurisdiction"                           "Date"                                  
 [7] "C1E_School.closing"                     "C1E_Flag"                               "C1NV_School.closing"                   
[10] "C1NV_Flag"                              "C1V_School.closing"                     "C1V_Flag"                              
[13] "C1M_School.closing"                     "C1M_Flag"                               "C1_Notes"                              
[16] "C2E_Workplace.closing"                  "C2E_Flag"                               "C2NV_Workplace.closing"                
[19] "C2NV_Flag"                              "C2V_Workplace.closing"                  "C2V_Flag"                              
[22] "C2M_Workplace.closing"                  "C2M_Flag"                               "C2_Notes"                              
[25] "C3E_Cancel.public.events"               "C3E_Flag"                               "C3NV_Cancel.public.events"             
[28] "C3NV_Flag"                              "C3V_Cancel.public.events"               "C3V_Flag"                              
[31] "C3M_Cancel.public.events"               "C3M_Flag"                               "C3_Notes"                              
[34] "C4E_Restrictions.on.gatherings"         "C4E_Flag"                               "C4NV_Restrictions.on.gatherings"       
[37] "C4NV_Flag"                              "C4V_Restrictions.on.gatherings"         "C4V_Flag"                              
[40] "C4M_Restrictions.on.gatherings"         "C4M_Flag"                               "C4_Notes"                              
[43] "C5E_Close.public.transport"             "C5E_Flag"                               "C5NV_Close.public.transport"           
[46] "C5NV_Flag"                              "C5V_Close.public.transport"             "C5V_Flag"                              
[49] "C5M_Close.public.transport"             "C5M_Flag"                               "C5_Notes"                              
[52] "C6E_Stay.at.home.requirements"          "C6E_Flag"                               "C6NV_Stay.at.home.requirements"        
[55] "C6NV_Flag"                              "C6V_Stay.at.home.requirements"          "C6V_Flag"                              
[58] "C6M_Stay.at.home.requirements"          "C6M_Flag"                               "C6_Notes"                              
[61] "C7E_Restrictions.on.internal.movement"  "C7E_Flag"                               "C7NV_Restrictions.on.internal.movement"
[64] "C7NV_Flag"                              "C7V_Restrictions.on.internal.movement"  "C7V_Flag"                              
[67] "C7M_Restrictions.on.internal.movement"  "C7M_Flag"                               "C7_Notes"                              
[70] "C8E_International.travel.controls"      "C8NV_International.travel.controls"     "C8V_International.travel.controls"     
[73] "C8EV_International.travel.controls"     "C8_Notes"                               "E1E_Income.support"                    
[76] "E1E_Flag"                               "E1_Notes"                               "E2E_Debt.contract.relief"              
[79] "E2_Notes"                               "E3E_Fiscal.measures"                    "E3_Notes"                              
[82] "E4E_International.support"              "E4_Notes"                               "H1E_Public.information.campaigns"      
[85] "H1E_Flag"                               "H1_Notes"                               "H2E_Testing.policy"                    
[88] "H2_Notes"                               "H3E_Contact.tracing"                    "H3_Notes"                              
[91] "H4E_Emergency.investment.in.healthcare" "H4_Notes"                               "H5E_Investment.in.vaccines"            
[94] "H5_Notes"                               "H6E_Facial.Coverings"                   "H6E_Flag"                              
[97] "H6NV_Facial.Coverings"                  "H6NV_Flag"                              "H6V_Facial.Coverings"                  
 [ reached 'max' / getOption("max.print") -- omitted 61 entries ]
 [1] "Country"             "isoyr"               "isowk"               "S_mean"              "S_max"               "n_days"              "date"               
 [8] "time"                "p_proj"              "excess"              "expected"            "observed"            "p_15_64"             "p_65_74"            
[15] "p_75_84"             "p_85p"               "cases_w"             "deaths_w"            "pop_th"              "pop"                 "excess_pm"          
[22] "deaths_confirmed_pm" "cases_pm"            "wave"                "wave_label"          "wave_coarse"         "ifr"                 "ifr_lo"             
[29] "ifr_hi"              "rho_w"               "rho_w_lo"            "rho_w_hi"            "d_pc"                "d_lead2"             "d_lead3"            
[36] "d_lead4"             "theta_hat"           "theta_hat_l2"        "theta_hat_l4"        "theta_hat_next"      "theta_predicted"     "theta_hat_ifr_lo"   
[43] "theta_hat_ifr_hi"   

=== CASES transition, CONSTANT rho ===
OLS estimation, Dep. Var.: cases_lead1
Observations: 5,564
Fixed-effects: Country: 38
Standard-errors: Clustered (Country) 
           Estimate Std. Error  t value    Pr(>|t|)    
cases_pm   0.852457   0.012990 65.62276   < 2.2e-16 ***
S_x_cases 27.819980   6.298479  4.41694 0.000083994 ***
---
Signif. codes:  0 '***' 0.001 '**' 0.01 '*' 0.05 '.' 0.1 ' ' 1
RMSE: 1,854.1     Adj. R2: 0.875339
                Within R2: 0.871101

=== CASES transition, WAVE-SPECIFIC rho ===
OLS estimation, Dep. Var.: cases_lead1
Observations: 5,564
Fixed-effects: Country: 38
Standard-errors: Clustered (Country) 
                             Estimate Std. Error  t value       Pr(>|t|)    
wave_coarse::Wave1:cases_pm  0.560167   0.080209  6.98381 0.000000029792 ***
wave_coarse::Wave2:cases_pm  0.678487   0.039192 17.31185      < 2.2e-16 ***
wave_coarse::Wave3:cases_pm  0.935070   0.042699 21.89901      < 2.2e-16 ***
wave_coarse::Wave4:cases_pm  0.832939   0.012815 64.99928      < 2.2e-16 ***
S_x_cases                   34.412680   6.524453  5.27442 0.000006025506 ***
---
Signif. codes:  0 '***' 0.001 '**' 0.01 '*' 0.05 '.' 0.1 ' ' 1
RMSE: 1,841.7     Adj. R2: 0.876925
                Within R2: 0.87281 

=== CASES transition, CONSTANT rho ===
OLS estimation, Dep. Var.: cases_lead1
Observations: 5,564
Fixed-effects: Country: 38
Standard-errors: Clustered (Country) 
           Estimate Std. Error  t value    Pr(>|t|)    
cases_pm   0.852457   0.012990 65.62276   < 2.2e-16 ***
S_x_cases 27.819980   6.298479  4.41694 0.000083994 ***
---
Signif. codes:  0 '***' 0.001 '**' 0.01 '*' 0.05 '.' 0.1 ' ' 1
RMSE: 1,854.1     Adj. R2: 0.875339
                Within R2: 0.871101

=== CASES transition, WAVE-SPECIFIC rho ===
OLS estimation, Dep. Var.: cases_lead1
Observations: 5,564
Fixed-effects: Country: 38
Standard-errors: Clustered (Country) 
                             Estimate Std. Error  t value       Pr(>|t|)    
wave_coarse::Wave1:cases_pm  0.560167   0.080209  6.98381 0.000000029792 ***
wave_coarse::Wave2:cases_pm  0.678487   0.039192 17.31185      < 2.2e-16 ***
wave_coarse::Wave3:cases_pm  0.935070   0.042699 21.89901      < 2.2e-16 ***
wave_coarse::Wave4:cases_pm  0.832939   0.012815 64.99928      < 2.2e-16 ***
S_x_cases                   34.412680   6.524453  5.27442 0.000006025506 ***
---
Signif. codes:  0 '***' 0.001 '**' 0.01 '*' 0.05 '.' 0.1 ' ' 1
RMSE: 1,841.7     Adj. R2: 0.876925
                Within R2: 0.87281 

=== IMPLIED STRUCTURAL PARAMETERS (constant-rho spec) ===
  rho_hat   = 0.8525
  phi_S_hat = -32.6350   (literature plausible range: 0.6 - 0.8)
  -> phi_S outside the expected band; interpret with caution.

  Constant-rho within-R2: 0.871
  Wave-rho   within-R2: 0.873
  (High R2 + plausible phi_S = containment explains cases. Low R2 or
   implausible phi_S = it does not — the waves come from elsewhere.)

=== Testing-bias diagnostic: cases_pm / excess_pm by wave ===
(If this ratio rises sharply across waves, confirmed cases are
 increasingly capturing infections — i.e. early undertesting biases rho.)
# A tibble: 4 × 2
  wave_coarse mean_case_to_excess
  <chr>                     <dbl>
1 Wave1                      42.3
2 Wave2                     246. 
3 Wave3                     111. 
4 Wave4                     671. 

=== SPEC A: CP-stock x S level (clustered SE) ===

t test of coefficients:

                             Estimate  Std. Error t value      Pr(>|t|)    
y_lag1                     0.23115290  0.04919961  4.6983 0.00000369548 ***
S_mean_tw                 -0.09646051  0.01591031 -6.0628 0.00000000328 ***
F_CP_above_flow_lag2       0.54325337  0.18752721  2.8969      0.003991 ** 
F_CP_belowstock            0.23913762  0.23718939  1.0082      0.314005    
F_DI_lag1                  1.47546330  0.54975669  2.6838      0.007602 ** 
S_mean_tw:F_CP_belowstock  0.00080594  0.00584536  0.1379      0.890412    
S_mean_tw:F_DI_lag1       -0.04065910  0.01405646 -2.8926      0.004045 ** 
---
Signif. codes:  0 ‘***’ 0.001 ‘**’ 0.01 ‘*’ 0.05 ‘.’ 0.1 ‘ ’ 1


  dY/dCP at S=0  (fully open)   = NA
  dY/dCP at S=30 (mild)         = NA
  dY/dCP at S=60 (full lockdown)= NA
  Thesis supported if the effect RISES as S falls (b_cpS < 0).

=== SPEC B: CP-stock x dS (reopening = dS<0) (clustered SE) ===
  Thesis supported if CP:dS is NEGATIVE (CP helps more as S drops).

=== SPEC A: CP-stock x S level (clustered SE) ===

t test of coefficients:

                             Estimate  Std. Error t value      Pr(>|t|)    
y_lag1                     0.23115290  0.04919961  4.6983 0.00000369548 ***
S_mean_tw                 -0.09646051  0.01591031 -6.0628 0.00000000328 ***
F_CP_above_flow_lag2       0.54325337  0.18752721  2.8969      0.003991 ** 
F_CP_belowstock            0.23913762  0.23718939  1.0082      0.314005    
F_DI_lag1                  1.47546330  0.54975669  2.6838      0.007602 ** 
S_mean_tw:F_CP_belowstock  0.00080594  0.00584536  0.1379      0.890412    
S_mean_tw:F_DI_lag1       -0.04065910  0.01405646 -2.8926      0.004045 ** 
---
Signif. codes:  0 ‘***’ 0.001 ‘**’ 0.01 ‘*’ 0.05 ‘.’ 0.1 ‘ ’ 1


  dY/dCP at S=0  (fully open)   = NA
  dY/dCP at S=30 (mild)         = NA
  dY/dCP at S=60 (full lockdown)= NA
  Thesis supported if the effect RISES as S falls (b_cpS < 0).

=== SPEC A: CP-stock x S level (clustered SE) ===

t test of coefficients:

                            Estimate Std. Error t value           Pr(>|t|)    
y_lag1                     0.4540493  0.0588683  7.7130 0.0000000000001196 ***
S_mean_tw                 -0.0395621  0.0148137 -2.6706           0.007911 ** 
F_CP_above_flow_lag2       0.1201129  0.1444335  0.8316           0.406174    
F_CP_belowstock            0.1084316  0.2235120  0.4851           0.627879    
F_DI_lag1                 -0.2227452  0.4750253 -0.4689           0.639414    
S_mean_tw:F_CP_belowstock -0.0015242  0.0051248 -0.2974           0.766313    
S_mean_tw:F_DI_lag1        0.0034101  0.0092088  0.3703           0.711371    
---
Signif. codes:  0 ‘***’ 0.001 ‘**’ 0.01 ‘*’ 0.05 ‘.’ 0.1 ‘ ’ 1


t test of coefficients:

                                 Estimate Std. Error t value            Pr(>|t|)    
y_lag1                          0.2353140  0.0507028  4.6410 0.00000480359061529 ***
S_mean_tw                      -0.0979925  0.0123077 -7.9619 0.00000000000002052 ***
F_CP_belowstock                 0.2754523  0.1435852  1.9184            0.055823 .  
F_DI_lag1                       1.5601162  0.5421154  2.8778            0.004234 ** 
S_mean_tw:F_CP_above_flow_lag2  0.0132579  0.0049431  2.6821            0.007641 ** 
S_mean_tw:F_DI_lag1            -0.0418681  0.0137039 -3.0552            0.002410 ** 
---
Signif. codes:  0 ‘***’ 0.001 ‘**’ 0.01 ‘*’ 0.05 ‘.’ 0.1 ‘ ’ 1

 [1] "Country"                     "Quarter"                     "year_only"                   "quarter_only"                "y_t_pct"                    
 [6] "y_t"                         "QReal.GDP.Growth_gr"         "d_t_pct"                     "d_t_pct_r"                   "d_t"                        
[11] "DebtN_share2019"             "DebtR_share2019"             "DebtN_share2019_growth"      "DebtR_share2019_growth"      "Qpopulation_th"             
[16] "nGDP_2019_an"                "inflation_index"             "vax_rate"                    "rGDP_pc_2019"                "debt_2019"                  
[21] "StringencyIndex_PopWeighted" "p_proj_all_ages"             "excess.deaths_a"             "ConfirmedDeaths.a"           "p_avg_all_ages"             
[26] "pop_2019"                    "theta_mean"                  "theta_mean_l2"               "theta_mean_l4"               "theta_mean_lo"              
[31] "theta_mean_hi"               "wave_dominant"               "freq_source"                 "F_CP"                        "F_DI"                       
[36] "F_H"                         "F_total"                     "CP_share"                    "DI_share"                    "n_measures_CP"              
[41] "n_measures_DI"               "S_mean_pw"                   "S_max_pw"                    "S_sd"                        "hosp_new_pm"                
[46] "icu_occ_pm"                  "hosp_occ_pm"                 "mob_grocery"                 "mob_parks"                   "mob_residential"            
[51] "mob_retail"                  "mob_transit"                 "mob_workplaces"              "quarter_num"                 "date"                       
[56] "S_mean_tw"                   "S_max_tw"                    "S_sd_tw"                     "theta_pct"                   "S_lag1"                     
[61] "S_lag2"                      "S_lead1"                     "F_DI_lag1"                   "F_DI_lag2"                   "F_DI_lag3"                  
[66] "F_CP_lag1"                   "F_CP_lag2"                   "F_CP_lead1"                  "theta_lag1"                  "y_lag1"                     
[71] "y_lead1"                     "p_p_lag1"                    "p_a_lag1"                    "F_CP_above_3"                "F_CP_loans"                 
[76] "F_CP_guar"                   "F_CP_guar_lo"                "F_CP_guar_mid"               "F_CP_guar_hi"                "F_CP_adj_lo"                
[81] "F_CP_adj_mid"                "F_CP_adj_hi"                 "F_CP_guar_adj"               "F_DI_transfers"              "F_DI_demand"                
[86] "F_DI_tax"                    "F_H_supply"                  "F_H_infra"                   "F_DI_transfers_lag2"         "F_DI_demand_lag2"           
[91] "F_DI_tax_lag2"               "t_idx"                       "S_high"                      "S_y_lag"                     "S_FCP"                      
[96] "half_year"                   "debt_dR"                     "y_lag1_recession"            "F_CP_cum"                   
 [ reached 'max' / getOption("max.print") -- omitted 19 entries ]

t test of coefficients:

                                Estimate Std. Error t value            Pr(>|t|)    
y_lag1                          0.231498   0.050857  4.5519 0.00000720561629189 ***
S_mean_tw                      -0.099675   0.012715 -7.8393 0.00000000000004794 ***
F_CP_above_flow_lag2           -0.382217   0.441750 -0.8652            0.387466    
F_CP_belowstock                 0.285331   0.147102  1.9397            0.053171 .  
F_DI_lag1                       1.637202   0.585431  2.7966            0.005432 ** 
S_mean_tw:F_CP_above_flow_lag2  0.021194   0.011478  1.8464            0.065627 .  
S_mean_tw:F_DI_lag1            -0.043100   0.014088 -3.0593            0.002379 ** 
---
Signif. codes:  0 ‘***’ 0.001 ‘**’ 0.01 ‘*’ 0.05 ‘.’ 0.1 ‘ ’ 1


t test of coefficients:

                                Estimate Std. Error t value    Pr(>|t|)    
y_lag1                          0.191473   0.045226  4.2337 0.000028987 ***
S_mean_tw                      -0.065158   0.013068 -4.9863 0.000000945 ***
F_CP_above_flow_lag1            1.876999   0.876065  2.1425    0.032797 *  
F_CP_belowstock                 0.230597   0.140161  1.6452    0.100765    
F_DI_lag1                       0.914096   0.685208  1.3340    0.183004    
S_mean_tw:F_CP_above_flow_lag1 -0.060543   0.018356 -3.2983    0.001066 ** 
S_mean_tw:F_DI_lag1            -0.025014   0.015169 -1.6490    0.099981 .  
---
Signif. codes:  0 ‘***’ 0.001 ‘**’ 0.01 ‘*’ 0.05 ‘.’ 0.1 ‘ ’ 1


t test of coefficients:

                           Estimate Std. Error t value    Pr(>|t|)    
y_lag1                     0.201872   0.046809  4.3127 0.000020671 ***
S_mean_tw                 -0.066237   0.013515 -4.9010 0.000001424 ***
F_CP_above_flow            1.517706   0.417092  3.6388   0.0003125 ***
F_CP_belowstock            0.141480   0.131252  1.0779   0.2817619    
F_DI_lag1                  1.189464   0.555832  2.1400   0.0330055 *  
S_mean_tw:F_CP_above_flow -0.055860   0.013191 -4.2347 0.000028853 ***
S_mean_tw:F_DI_lag1       -0.033080   0.013692 -2.4161   0.0161694 *  
---
Signif. codes:  0 ‘***’ 0.001 ‘**’ 0.01 ‘*’ 0.05 ‘.’ 0.1 ‘ ’ 1


t test of coefficients:

                           Estimate Std. Error t value     Pr(>|t|)    
y_lag1                     0.235469   0.047321  4.9759 0.0000009934 ***
S_mean_tw                 -0.056617   0.011972 -4.7290 0.0000032056 ***
F_CP_above_flow            2.052721   0.523679  3.9198    0.0001054 ***
F_CP_below                -0.374415   0.084672 -4.4220 0.0000128470 ***
F_DI_lag1                  1.154309   0.557132  2.0719    0.0389637 *  
S_mean_tw:F_CP_above_flow -0.062651   0.014489 -4.3240 0.0000196854 ***
S_mean_tw:F_DI_lag1       -0.031777   0.012839 -2.4749    0.0137698 *  
---
Signif. codes:  0 ‘***’ 0.001 ‘**’ 0.01 ‘*’ 0.05 ‘.’ 0.1 ‘ ’ 1


t test of coefficients:

                           Estimate Std. Error t value     Pr(>|t|)    
y_lag1                     0.144073   0.053396  2.6982      0.00737 ** 
S_mean_tw                 -0.073663   0.014407 -5.1130 0.0000005691 ***
F_CP_above_flow            2.832802   1.909123  1.4838      0.13892    
F_CP_below_lag1            0.049037   0.052457  0.9348      0.35065    
F_DI_lag1                  1.049152   0.486226  2.1577      0.03175 *  
S_mean_tw:F_CP_above_flow -0.077868   0.037006 -2.1042      0.03620 *  
S_mean_tw:F_DI_lag1       -0.031736   0.013070 -2.4281      0.01577 *  
---
Signif. codes:  0 ‘***’ 0.001 ‘**’ 0.01 ‘*’ 0.05 ‘.’ 0.1 ‘ ’ 1


t test of coefficients:

                           Estimate Std. Error t value     Pr(>|t|)    
y_lag1                     0.144073   0.053396  2.6982      0.00737 ** 
S_mean_tw                 -0.073663   0.014407 -5.1130 0.0000005691 ***
F_CP_above_flow            2.832802   1.909123  1.4838      0.13892    
F_CP_below_lag1            0.049037   0.052457  0.9348      0.35065    
F_DI_lag1                  1.049152   0.486226  2.1577      0.03175 *  
S_mean_tw:F_CP_above_flow -0.077868   0.037006 -2.1042      0.03620 *  
S_mean_tw:F_DI_lag1       -0.031736   0.013070 -2.4281      0.01577 *  
---
Signif. codes:  0 ‘***’ 0.001 ‘**’ 0.01 ‘*’ 0.05 ‘.’ 0.1 ‘ ’ 1


t test of coefficients:

                        Estimate Std. Error t value     Pr(>|t|)    
y_lag1                  0.197632   0.046215  4.2764 0.0000241450 ***
S_mean_tw              -0.063746   0.012608 -5.0558 0.0000006725 ***
F_CP_above_3            1.529931   0.421636  3.6286    0.0003246 ***
F_DI_lag1               1.260418   0.558341  2.2574    0.0245571 *  
S_mean_tw:F_CP_above_3 -0.056611   0.013426 -4.2166 0.0000311430 ***
S_mean_tw:F_DI_lag1    -0.034370   0.013279 -2.5883    0.0100223 *  
---
Signif. codes:  0 ‘***’ 0.001 ‘**’ 0.01 ‘*’ 0.05 ‘.’ 0.1 ‘ ’ 1


t test of coefficients:

                      Estimate Std. Error t value      Pr(>|t|)    
y_lag1               0.2285097  0.0472041  4.8409 0.00000189458 ***
S_mean_tw           -0.0606301  0.0114600 -5.2906 0.00000020807 ***
F_CP                 0.5422382  0.1511007  3.5886     0.0003767 ***
F_DI_lag1            1.2834394  0.5146186  2.4940     0.0130637 *  
S_mean_tw:F_CP      -0.0218160  0.0037458 -5.8241 0.00000001238 ***
S_mean_tw:F_DI_lag1 -0.0348430  0.0115897 -3.0064     0.0028222 ** 
---
Signif. codes:  0 ‘***’ 0.001 ‘**’ 0.01 ‘*’ 0.05 ‘.’ 0.1 ‘ ’ 1


t test of coefficients:

                      Estimate Std. Error t value      Pr(>|t|)    
y_lag1               0.2285097  0.0472041  4.8409 0.00000189458 ***
S_mean_tw           -0.0606301  0.0114600 -5.2906 0.00000020807 ***
F_CP                 0.5422382  0.1511007  3.5886     0.0003767 ***
F_DI_lag1            1.2834394  0.5146186  2.4940     0.0130637 *  
S_mean_tw:F_CP      -0.0218160  0.0037458 -5.8241 0.00000001238 ***
S_mean_tw:F_DI_lag1 -0.0348430  0.0115897 -3.0064     0.0028222 ** 
---
Signif. codes:  0 ‘***’ 0.001 ‘**’ 0.01 ‘*’ 0.05 ‘.’ 0.1 ‘ ’ 1


t test of coefficients:

                      Estimate Std. Error t value      Pr(>|t|)    
y_lag1               0.2285097  0.0472041  4.8409 0.00000189458 ***
S_mean_tw           -0.0606301  0.0114600 -5.2906 0.00000020807 ***
F_CP                 0.5422382  0.1511007  3.5886     0.0003767 ***
F_DI_lag1            1.2834394  0.5146186  2.4940     0.0130637 *  
S_mean_tw:F_CP      -0.0218160  0.0037458 -5.8241 0.00000001238 ***
S_mean_tw:F_DI_lag1 -0.0348430  0.0115897 -3.0064     0.0028222 ** 
---
Signif. codes:  0 ‘***’ 0.001 ‘**’ 0.01 ‘*’ 0.05 ‘.’ 0.1 ‘ ’ 1


t test of coefficients:

                         Estimate Std. Error t value     Pr(>|t|)    
y_lag1                  0.2376060  0.0473296  5.0202 0.0000008019 ***
S_mean_tw              -0.0524384  0.0118463 -4.4265 0.0000125999 ***
F_CP_above_3            1.3390802  0.4611548  2.9038    0.0039072 ** 
F_CP_below              0.3673817  0.2280513  1.6110    0.1080364    
F_DI_lag1               1.0951354  0.5168831  2.1187    0.0347756 *  
S_mean_tw:F_CP_above_3 -0.0474971  0.0136447 -3.4810    0.0005589 ***
S_mean_tw:F_CP_below   -0.0170895  0.0047968 -3.5627    0.0004148 ***
S_mean_tw:F_DI_lag1    -0.0304434  0.0117147 -2.5987    0.0097286 ** 
---
Signif. codes:  0 ‘***’ 0.001 ‘**’ 0.01 ‘*’ 0.05 ‘.’ 0.1 ‘ ’ 1


t test of coefficients:

                           Estimate Std. Error t value   Pr(>|t|)    
y_lag1                     0.202206   0.046730  4.3271 0.00001944 ***
S_mean_tw                 -0.069133   0.017390 -3.9754 0.00008443 ***
F_CP_above_3               1.528458   0.420096  3.6384  0.0003131 ***
F_CP_belowstock            0.092320   0.230299  0.4009  0.6887455    
F_DI_lag1                  1.199651   0.536972  2.2341  0.0260698 *  
S_mean_tw:F_CP_above_3    -0.056061   0.013283 -4.2205 0.00003067 ***
S_mean_tw:F_CP_belowstock  0.001799   0.006149  0.2926  0.7700189    
S_mean_tw:F_DI_lag1       -0.033238   0.013435 -2.4739  0.0138089 *  
---
Signif. codes:  0 ‘***’ 0.001 ‘**’ 0.01 ‘*’ 0.05 ‘.’ 0.1 ‘ ’ 1


t test of coefficients:

                         Estimate Std. Error t value     Pr(>|t|)    
y_lag1                  0.2376060  0.0473296  5.0202 0.0000008019 ***
S_mean_tw              -0.0524384  0.0118463 -4.4265 0.0000125999 ***
F_CP_above_3            1.3390802  0.4611548  2.9038    0.0039072 ** 
F_CP_below              0.3673817  0.2280513  1.6110    0.1080364    
F_DI_lag1               1.0951354  0.5168831  2.1187    0.0347756 *  
S_mean_tw:F_CP_above_3 -0.0474971  0.0136447 -3.4810    0.0005589 ***
S_mean_tw:F_CP_below   -0.0170895  0.0047968 -3.5627    0.0004148 ***
S_mean_tw:F_DI_lag1    -0.0304434  0.0117147 -2.5987    0.0097286 ** 
---
Signif. codes:  0 ‘***’ 0.001 ‘**’ 0.01 ‘*’ 0.05 ‘.’ 0.1 ‘ ’ 1

 [1] "Country"                     "Quarter"                     "year_only"                   "quarter_only"                "y_t_pct"                    
 [6] "y_t"                         "QReal.GDP.Growth_gr"         "d_t_pct"                     "d_t_pct_r"                   "d_t"                        
[11] "DebtN_share2019"             "DebtR_share2019"             "DebtN_share2019_growth"      "DebtR_share2019_growth"      "Qpopulation_th"             
[16] "nGDP_2019_an"                "inflation_index"             "vax_rate"                    "rGDP_pc_2019"                "debt_2019"                  
[21] "StringencyIndex_PopWeighted" "p_proj_all_ages"             "excess.deaths_a"             "ConfirmedDeaths.a"           "p_avg_all_ages"             
[26] "pop_2019"                    "theta_mean"                  "theta_mean_l2"               "theta_mean_l4"               "theta_mean_lo"              
[31] "theta_mean_hi"               "wave_dominant"               "freq_source"                 "F_CP"                        "F_DI"                       
[36] "F_H"                         "F_total"                     "CP_share"                    "DI_share"                    "n_measures_CP"              
[41] "n_measures_DI"               "S_mean_pw"                   "S_max_pw"                    "S_sd"                        "hosp_new_pm"                
[46] "icu_occ_pm"                  "hosp_occ_pm"                 "mob_grocery"                 "mob_parks"                   "mob_residential"            
[51] "mob_retail"                  "mob_transit"                 "mob_workplaces"              "quarter_num"                 "date"                       
[56] "S_mean_tw"                   "S_max_tw"                    "S_sd_tw"                     "theta_pct"                   "S_lag1"                     
[61] "S_lag2"                      "S_lead1"                     "F_DI_lag1"                   "F_DI_lag2"                   "F_DI_lag3"                  
[66] "F_CP_lag1"                   "F_CP_lag2"                   "F_CP_lead1"                  "theta_lag1"                  "y_lag1"                     
[71] "y_lead1"                     "p_p_lag1"                    "p_a_lag1"                    "F_CP_above_3"                "F_CP_loans"                 
[76] "F_CP_guar"                   "F_CP_guar_lo"                "F_CP_guar_mid"               "F_CP_guar_hi"                "F_CP_adj_lo"                
[81] "F_CP_adj_mid"                "F_CP_adj_hi"                 "F_CP_guar_adj"               "F_DI_transfers"              "F_DI_demand"                
[86] "F_DI_tax"                    "F_H_supply"                  "F_H_infra"                   "F_DI_transfers_lag2"         "F_DI_demand_lag2"           
[91] "F_DI_tax_lag2"               "t_idx"                       "S_high"                      "S_y_lag"                     "S_FCP"                      
[96] "half_year"                   "debt_dR"                     "y_lag1_recession"            "F_CP_cum"                   
 [ reached 'max' / getOption("max.print") -- omitted 19 entries ]

t test of coefficients:

                       Estimate Std. Error t value    Pr(>|t|)    
y_lag1                0.2225303  0.0471523  4.7194 0.000003351 ***
S_mean_tw            -0.0666674  0.0115389 -5.7776 0.000000016 ***
F_CP_above_3         -0.4855653  0.2126589 -2.2833    0.022974 *  
F_CP_below            0.6391818  0.2621918  2.4378    0.015242 *  
F_DI_lag1             1.3666280  0.5065674  2.6978    0.007296 ** 
S_mean_tw:F_CP_below -0.0226543  0.0050032 -4.5280 0.000008024 ***
S_mean_tw:F_DI_lag1  -0.0374725  0.0115803 -3.2359    0.001321 ** 
---
Signif. codes:  0 ‘***’ 0.001 ‘**’ 0.01 ‘*’ 0.05 ‘.’ 0.1 ‘ ’ 1


t test of coefficients:

                       Estimate Std. Error t value              Pr(>|t|)    
S_mean_tw            -0.0859298  0.0101497 -8.4662 0.0000000000000005839 ***
F_CP_above_3         -0.3954690  0.2044659 -1.9342               0.05385 .  
F_CP_below            0.6585956  0.2841740  2.3176               0.02101 *  
F_DI_lag1             0.6278953  0.4496114  1.3965               0.16338    
S_mean_tw:F_CP_below -0.0219379  0.0051159 -4.2882 0.0000229558101762262 ***
S_mean_tw:F_DI_lag1  -0.0260715  0.0115773 -2.2519               0.02491 *  
---
Signif. codes:  0 ‘***’ 0.001 ‘**’ 0.01 ‘*’ 0.05 ‘.’ 0.1 ‘ ’ 1


t test of coefficients:

                         Estimate Std. Error t value         Pr(>|t|)    
S_mean_tw              -0.0742285  0.0106208 -6.9890 0.00000000001283 ***
F_CP_above_3            1.2620863  0.4716729  2.6758        0.0077845 ** 
F_CP_below              0.4136993  0.2582629  1.6019        0.1100345    
F_DI_lag1               0.3367742  0.4858469  0.6932        0.4886346    
S_mean_tw:F_CP_above_3 -0.0430038  0.0136838 -3.1427        0.0018081 ** 
S_mean_tw:F_CP_below   -0.0168556  0.0050213 -3.3568        0.0008696 ***
S_mean_tw:F_DI_lag1    -0.0190080  0.0119798 -1.5867        0.1134345    
---
Signif. codes:  0 ‘***’ 0.001 ‘**’ 0.01 ‘*’ 0.05 ‘.’ 0.1 ‘ ’ 1


t test of coefficients:

                         Estimate Std. Error t value    Pr(>|t|)    
y_lag1_recession        0.2136686  0.0436823  4.8914 0.000001493 ***
S_mean_tw              -0.0560305  0.0111032 -5.0463 0.000000706 ***
F_CP_above_3            1.2939265  0.4612221  2.8054   0.0052889 ** 
F_CP_below              0.3773229  0.2326960  1.6215   0.1057518    
F_DI_lag1               1.1293539  0.5664294  1.9938   0.0469023 *  
S_mean_tw:F_CP_above_3 -0.0460459  0.0136130 -3.3825   0.0007946 ***
S_mean_tw:F_CP_below   -0.0171965  0.0048589 -3.5392   0.0004523 ***
S_mean_tw:F_DI_lag1    -0.0316609  0.0124709 -2.5388   0.0115305 *  
---
Signif. codes:  0 ‘***’ 0.001 ‘**’ 0.01 ‘*’ 0.05 ‘.’ 0.1 ‘ ’ 1


t test of coefficients:

                         Estimate Std. Error t value    Pr(>|t|)    
y_lag1_recession        0.2136686  0.0436823  4.8914 0.000001493 ***
S_mean_tw              -0.0560305  0.0111032 -5.0463 0.000000706 ***
F_CP_above_3            1.2939265  0.4612221  2.8054   0.0052889 ** 
F_CP_below              0.3773229  0.2326960  1.6215   0.1057518    
F_DI_lag1               1.1293539  0.5664294  1.9938   0.0469023 *  
S_mean_tw:F_CP_above_3 -0.0460459  0.0136130 -3.3825   0.0007946 ***
S_mean_tw:F_CP_below   -0.0171965  0.0048589 -3.5392   0.0004523 ***
S_mean_tw:F_DI_lag1    -0.0316609  0.0124709 -2.5388   0.0115305 *  
---
Signif. codes:  0 ‘***’ 0.001 ‘**’ 0.01 ‘*’ 0.05 ‘.’ 0.1 ‘ ’ 1


t test of coefficients:

                            Estimate Std. Error t value   Pr(>|t|)    
y_lag1_recession           0.1740818  0.0410234  4.2435 0.00002782 ***
S_mean_tw                 -0.0725593  0.0167573 -4.3300 0.00001920 ***
F_CP_above_3               1.4996621  0.4184282  3.5840  0.0003834 ***
F_CP_belowstock            0.1002884  0.2391810  0.4193  0.6752394    
F_DI_lag1                  1.1936998  0.5730561  2.0830  0.0379299 *  
S_mean_tw:F_CP_above_3    -0.0548410  0.0132367 -4.1431 0.00004245 ***
S_mean_tw:F_CP_belowstock  0.0016122  0.0062998  0.2559  0.7981526    
S_mean_tw:F_DI_lag1       -0.0336999  0.0140061 -2.4061  0.0166114 *  
---
Signif. codes:  0 ‘***’ 0.001 ‘**’ 0.01 ‘*’ 0.05 ‘.’ 0.1 ‘ ’ 1


t test of coefficients:

                             Estimate  Std. Error t value     Pr(>|t|)    
y_lag1_recession           0.16341457  0.04097210  3.9884 0.0000800567 ***
S_mean_tw                 -0.09080743  0.01672611 -5.4291 0.0000001023 ***
F_CP_above_3              -0.51672774  0.18389317 -2.8099     0.005216 ** 
F_CP_belowstock            0.21480952  0.25131112  0.8548     0.393235    
F_DI_lag1                  1.51837448  0.61088017  2.4856     0.013372 *  
S_mean_tw:F_CP_belowstock  0.00028506  0.00620603  0.0459     0.963389    
S_mean_tw:F_DI_lag1       -0.04231392  0.01483697 -2.8519     0.004587 ** 
---
Signif. codes:  0 ‘***’ 0.001 ‘**’ 0.01 ‘*’ 0.05 ‘.’ 0.1 ‘ ’ 1


t test of coefficients:

                             Estimate  Std. Error t value     Pr(>|t|)    
y_lag1_recession           0.16341457  0.04097210  3.9884 0.0000800567 ***
S_mean_tw                 -0.09080743  0.01672611 -5.4291 0.0000001023 ***
F_CP_above_3              -0.51672774  0.18389317 -2.8099     0.005216 ** 
F_CP_belowstock            0.21480952  0.25131112  0.8548     0.393235    
F_DI_lag1                  1.51837448  0.61088017  2.4856     0.013372 *  
S_mean_tw:F_CP_belowstock  0.00028506  0.00620603  0.0459     0.963389    
S_mean_tw:F_DI_lag1       -0.04231392  0.01483697 -2.8519     0.004587 ** 
---
Signif. codes:  0 ‘***’ 0.001 ‘**’ 0.01 ‘*’ 0.05 ‘.’ 0.1 ‘ ’ 1


t test of coefficients:

                             Estimate  Std. Error t value       Pr(>|t|)    
y_lag1_recession           0.17924252  0.04394025  4.0792 0.000055277834 ***
S_mean_tw                 -0.09801081  0.01592352 -6.1551 0.000000001939 ***
F_CP_lag2                  0.08559308  0.03099119  2.7619       0.006032 ** 
F_CP_belowstock            0.25206103  0.25952048  0.9713       0.332050    
F_DI_lag1                  1.56724580  0.55331909  2.8324       0.004870 ** 
S_mean_tw:F_CP_belowstock  0.00047495  0.00631528  0.0752       0.940091    
S_mean_tw:F_DI_lag1       -0.04326003  0.01424610 -3.0366       0.002561 ** 
---
Signif. codes:  0 ‘***’ 0.001 ‘**’ 0.01 ‘*’ 0.05 ‘.’ 0.1 ‘ ’ 1


t test of coefficients:

                             Estimate  Std. Error t value        Pr(>|t|)    
y_lag1_recession           0.20738941  0.04625047  4.4840 0.0000097623094 ***
S_mean_tw                 -0.09888752  0.01549036 -6.3838 0.0000000005135 ***
F_CP_above_flow_lag2       0.50019466  0.18023092  2.7753        0.005793 ** 
F_CP_belowstock            0.25059140  0.24659035  1.0162        0.310181    
F_DI_lag1                  1.51793546  0.58557198  2.5922        0.009910 ** 
S_mean_tw:F_CP_belowstock  0.00065747  0.00594472  0.1106        0.911995    
S_mean_tw:F_DI_lag1       -0.04194064  0.01457203 -2.8782        0.004230 ** 
---
Signif. codes:  0 ‘***’ 0.001 ‘**’ 0.01 ‘*’ 0.05 ‘.’ 0.1 ‘ ’ 1

 [1] "Country"                     "Quarter"                     "year_only"                   "quarter_only"                "y_t_pct"                    
 [6] "y_t"                         "QReal.GDP.Growth_gr"         "d_t_pct"                     "d_t_pct_r"                   "d_t"                        
[11] "DebtN_share2019"             "DebtR_share2019"             "DebtN_share2019_growth"      "DebtR_share2019_growth"      "Qpopulation_th"             
[16] "nGDP_2019_an"                "inflation_index"             "vax_rate"                    "rGDP_pc_2019"                "debt_2019"                  
[21] "StringencyIndex_PopWeighted" "p_proj_all_ages"             "excess.deaths_a"             "ConfirmedDeaths.a"           "p_avg_all_ages"             
[26] "pop_2019"                    "theta_mean"                  "theta_mean_l2"               "theta_mean_l4"               "theta_mean_lo"              
[31] "theta_mean_hi"               "wave_dominant"               "freq_source"                 "F_CP"                        "F_DI"                       
[36] "F_H"                         "F_total"                     "CP_share"                    "DI_share"                    "n_measures_CP"              
[41] "n_measures_DI"               "S_mean_pw"                   "S_max_pw"                    "S_sd"                        "hosp_new_pm"                
[46] "icu_occ_pm"                  "hosp_occ_pm"                 "mob_grocery"                 "mob_parks"                   "mob_residential"            
[51] "mob_retail"                  "mob_transit"                 "mob_workplaces"              "quarter_num"                 "date"                       
[56] "S_mean_tw"                   "S_max_tw"                    "S_sd_tw"                     "theta_pct"                   "S_lag1"                     
[61] "S_lag2"                      "S_lead1"                     "F_DI_lag1"                   "F_DI_lag2"                   "F_DI_lag3"                  
[66] "F_CP_lag1"                   "F_CP_lag2"                   "F_CP_lead1"                  "theta_lag1"                  "y_lag1"                     
[71] "y_lead1"                     "p_p_lag1"                    "p_a_lag1"                    "F_CP_above_3"                "F_CP_loans"                 
[76] "F_CP_guar"                   "F_CP_guar_lo"                "F_CP_guar_mid"               "F_CP_guar_hi"                "F_CP_adj_lo"                
[81] "F_CP_adj_mid"                "F_CP_adj_hi"                 "F_CP_guar_adj"               "F_DI_transfers"              "F_DI_demand"                
[86] "F_DI_tax"                    "F_H_supply"                  "F_H_infra"                   "F_DI_transfers_lag2"         "F_DI_demand_lag2"           
[91] "F_DI_tax_lag2"               "t_idx"                       "S_high"                      "S_y_lag"                     "S_FCP"                      
[96] "half_year"                   "debt_dR"                     "y_lag1_recession"            "F_CP_cum"                   
 [ reached 'max' / getOption("max.print") -- omitted 19 entries ]

t test of coefficients:

                      Estimate Std. Error t value            Pr(>|t|)    
y_lag1_recession      0.236174   0.048773  4.8423 0.00000188187206112 ***
S_mean_tw            -0.086968   0.010948 -7.9434 0.00000000000002331 ***
F_CP_above_flow_lag2  0.445346   0.161262  2.7616            0.006035 ** 
F_CP_guar_lo         -1.561200   0.489332 -3.1905            0.001540 ** 
F_DI_lag1             1.714246   0.631998  2.7124            0.006988 ** 
S_mean_tw:F_DI_lag1  -0.045969   0.014366 -3.1999            0.001492 ** 
---
Signif. codes:  0 ‘***’ 0.001 ‘**’ 0.01 ‘*’ 0.05 ‘.’ 0.1 ‘ ’ 1


t test of coefficients:

                      Estimate Std. Error t value              Pr(>|t|)    
y_lag1_recession      0.201101   0.044423  4.5270 0.0000080531824909456 ***
S_mean_tw            -0.090814   0.010817 -8.3956 0.0000000000000009696 ***
F_CP_above_flow_lag2  0.464976   0.174552  2.6638              0.008060 ** 
F_CP_loans_mid       -0.949886   0.341096 -2.7848              0.005628 ** 
F_DI_lag1             1.399214   0.612904  2.2829              0.022995 *  
S_mean_tw:F_DI_lag1  -0.038928   0.014534 -2.6784              0.007724 ** 
---
Signif. codes:  0 ‘***’ 0.001 ‘**’ 0.01 ‘*’ 0.05 ‘.’ 0.1 ‘ ’ 1


t test of coefficients:

                      Estimate Std. Error t value            Pr(>|t|)    
y_lag1                0.230584   0.049008  4.7050 0.00000357914117028 ***
S_mean_tw            -0.095283   0.012278 -7.7603 0.00000000000008167 ***
F_CP_above_flow_lag2  0.542144   0.185991  2.9149            0.003772 ** 
F_CP_belowstock_adj   0.229093   0.116169  1.9721            0.049338 *  
F_DI_lag1             1.453601   0.558689  2.6018            0.009642 ** 
S_mean_tw:F_DI_lag1  -0.040297   0.014122 -2.8535            0.004564 ** 
---
Signif. codes:  0 ‘***’ 0.001 ‘**’ 0.01 ‘*’ 0.05 ‘.’ 0.1 ‘ ’ 1


t test of coefficients:

                      Estimate Std. Error t value           Pr(>|t|)    
y_lag1                0.231078   0.049201  4.6966 0.0000037208018401 ***
S_mean_tw            -0.095151   0.012381 -7.6853 0.0000000000001357 ***
F_CP_above_flow_lag2  0.544156   0.186356  2.9200           0.003713 ** 
F_CP_belowstock       0.261165   0.143194  1.8238           0.068973 .  
F_DI_lag1             1.470488   0.561270  2.6199           0.009153 ** 
S_mean_tw:F_DI_lag1  -0.040576   0.014186 -2.8602           0.004471 ** 
---
Signif. codes:  0 ‘***’ 0.001 ‘**’ 0.01 ‘*’ 0.05 ‘.’ 0.1 ‘ ’ 1


t test of coefficients:

                      Estimate Std. Error t value            Pr(>|t|)    
y_lag1                0.230584   0.049008  4.7050 0.00000357914117028 ***
S_mean_tw            -0.095283   0.012278 -7.7603 0.00000000000008167 ***
F_CP_above_flow_lag2  0.542144   0.185991  2.9149            0.003772 ** 
F_CP_belowstock_adj   0.229093   0.116169  1.9721            0.049338 *  
F_DI_lag1             1.453601   0.558689  2.6018            0.009642 ** 
S_mean_tw:F_DI_lag1  -0.040297   0.014122 -2.8535            0.004564 ** 
---
Signif. codes:  0 ‘***’ 0.001 ‘**’ 0.01 ‘*’ 0.05 ‘.’ 0.1 ‘ ’ 1

